bike_id,vehicle_type_id,lat,lon,date,fill_color
pony_0aa2d3516a5e4f598c999b78cbcb6a5d,scooter,47.47947,-0.54202,2023-08-15 12:20:01.858408+02:00,"[10, 255, 255]"
pony_152b44bf58134ec7916da2f4bdff6984,scooter,47.47899,-0.56422,2023-08-15 12:20:01.858408+02:00,"[10, 255, 255]"
pony_78d6df97e3dd404e9268cbbccb1de762,scooter,47.4699,-0.54769,2023-08-15 12:20:01.858408+02:00,"[10, 255, 255]"
pony_8a58f87d58824a6383bb617154175634,scooter,47.482,-0.57846,2023-08-15 12:20:01.858408+02:00,"[10, 255, 255]"
pony_1cb41f0052e844839775d2f1acc78a97,scooter,47.48803,-0.54452,2023-08-15 12:20:01.858408+02:00,"[10, 255, 255]"
pony_4fba110f38b4480c967c5acc9367651a,scooter,47.48386,-0.62831,2023-08-15 12:20:01.858408+02:00,"[10, 255, 255]"
pony_5c7e07488e954c1b8b634beb5f15f921,scooter,47.4713,-0.54641,2023-08-15 12:20:01.858408+02:00,"[10, 255, 255]"
pony_7f3b4fa218ab4ebdbf6b12d4519e650b,scooter,47.46952,-0.54764,2023-08-15 12:20:01.858408+02:00,"[10, 255, 255]"
pony_7283abb3beca442f8024470802efb550,scooter,47.46492,-0.55721,2023-08-15 12:20:01.858408+02:00,"[10, 255, 255]"
pony_4536c0e9c6a846eeb50999af1018c9ea,scooter,47.46984,-0.5477,2023-08-15 12:20:01.858408+02:00,"[10, 255, 255]"
pony_37954623e3384278bce358581845639e,scooter,47.46481,-0.55719,2023-08-15 12:20:01.858408+02:00,"[10, 255, 255]"
pony_206478d8a54d4e4a87db057af4668c60,scooter,47.46724,-0.54487,2023-08-15 12:20:01.858408+02:00,"[10, 255, 255]"
pony_ff26bccc8c31476e96fbfa0dbb118f47,scooter,47.47705,-0.58821,2023-08-15 12:20:01.858408+02:00,"[10, 255, 255]"
pony_d884753c88754ae1ae4aba8235bdcc25,scooter,47.4719,-0.55498,2023-08-15 12:20:01.858408+02:00,"[10, 255, 255]"
pony_995e63cb5c134537b21b7157f444ad72,scooter,47.49999,-0.4904,2023-08-15 12:20:01.858408+02:00,"[10, 255, 255]"
pony_9e39fbffd07d4ca782a3f28957a0f6a2,scooter,47.46484,-0.55724,2023-08-15 12:20:01.858408+02:00,"[10, 255, 255]"
pony_7a069fba814e4fd99ee588a727be8aef,scooter,47.4597,-0.59654,2023-08-15 12:20:01.858408+02:00,"[10, 255, 255]"
pony_c7f11f36a6b54ea5b09f0050c20a7e91,scooter,47.46854,-0.55439,2023-08-15 12:20:01.858408+02:00,"[10, 255, 255]"
pony_84837894bdfb4cd1bdc406f4d599e05f,scooter,47.4925,-0.56763,2023-08-15 12:20:01.858408+02:00,"[10, 255, 255]"
pony_39192a08cbfd45afa45a6eb46421c3d5,scooter,47.45773,-0.54317,2023-08-15 12:20:01.858408+02:00,"[10, 255, 255]"
pony_aff575ff02b5496895c11d9705101f7a,scooter,47.45833,-0.55393,2023-08-15 12:20:01.858408+02:00,"[10, 255, 255]"
pony_969ae647b52548a4bffe9254bc5797f2,scooter,47.46762,-0.52522,2023-08-15 12:20:01.858408+02:00,"[10, 255, 255]"
pony_9264c9ce96c142cebbc02b7a8c9fddf0,scooter,47.47153,-0.55187,2023-08-15 12:20:01.858408+02:00,"[10, 255, 255]"
pony_520ec60ea7a54e8687b0561bcf938cba,scooter,47.46755,-0.52523,2023-08-15 12:20:01.858408+02:00,"[10, 255, 255]"
pony_2b6237443578448ca803b7a7312bd47b,scooter,47.46491,-0.55722,2023-08-15 12:20:01.858408+02:00,"[10, 255, 255]"
pony_f468d09b6d0947b58b888fed9797abff,scooter,47.46863,-0.53164,2023-08-15 12:20:01.858408+02:00,"[10, 255, 255]"
pony_41768be8a98e41c19153554365c8b9dc,scooter,47.44123,-0.491,2023-08-15 12:20:01.858408+02:00,"[10, 255, 255]"
pony_4e06cd8a9bd246c89e129596e45113aa,scooter,47.47882,-0.5982,2023-08-15 12:20:01.858408+02:00,"[10, 255, 255]"
pony_20e221dc276b43c3829cb9ae1459d94f,scooter,47.4568,-0.56019,2023-08-15 12:20:01.858408+02:00,"[10, 255, 255]"
pony_cc730a8fdba74465ba787d8fcab7be53,scooter,47.46687,-0.55414,2023-08-15 12:20:01.858408+02:00,"[10, 255, 255]"
pony_3ded374115124b759cd6d666ad0c2424,scooter,47.46469,-0.55707,2023-08-15 12:20:01.858408+02:00,"[10, 255, 255]"
pony_f26a6d10ebd244c2ad84f30f44511edf,scooter,47.46488,-0.55722,2023-08-15 12:20:01.858408+02:00,"[10, 255, 255]"
pony_af6c439aa0374c0c844072789df1c904,scooter,47.47095,-0.55283,2023-08-15 12:20:01.858408+02:00,"[10, 255, 255]"
pony_1d381a735c4a41afa6736469bf6aa731,scooter,47.45008,-0.56148,2023-08-15 12:20:01.858408+02:00,"[10, 255, 255]"
pony_8230e805c1a24497bc008c2adea6b950,scooter,47.46498,-0.55692,2023-08-15 12:20:01.858408+02:00,"[10, 255, 255]"
pony_02345f688dac4f39b3646d386cec5884,scooter,47.49161,-0.55142,2023-08-15 12:20:01.858408+02:00,"[10, 255, 255]"
pony_7c92be4282964549808b883631097131,scooter,47.47916,-0.5645,2023-08-15 12:20:01.858408+02:00,"[10, 255, 255]"
pony_e1df51ed37f84ae9a0e831f6c638f945,scooter,47.47181,-0.54637,2023-08-15 12:20:01.858408+02:00,"[10, 255, 255]"
pony_4c4e2d1ee5b8477aa8772917880c29a2,scooter,47.47706,-0.5922,2023-08-15 12:20:01.858408+02:00,"[10, 255, 255]"
pony_0f5e1c3f41094d5ea521b954028de3c5,scooter,47.42541,-0.55623,2023-08-15 12:20:01.858408+02:00,"[10, 255, 255]"
pony_2eb15674e8ea4db9aa407add063ef09f,scooter,47.4841,-0.55925,2023-08-15 12:20:01.858408+02:00,"[10, 255, 255]"
pony_fa7373b14d4047dc986c605b58617a97,scooter,47.46482,-0.557,2023-08-15 12:20:01.858408+02:00,"[10, 255, 255]"
pony_d5e18024ec594890bfd40bdbe3ca59e1,scooter,47.47106,-0.55155,2023-08-15 12:20:01.858408+02:00,"[10, 255, 255]"
pony_ed1c40846c214e589f1e404dbf0547fc,scooter,47.49224,-0.56033,2023-08-15 12:20:01.858408+02:00,"[10, 255, 255]"
pony_b756116928a246f3b63d114ad77fe0c6,scooter,47.45956,-0.54875,2023-08-15 12:20:01.858408+02:00,"[10, 255, 255]"
pony_fc69691a385145fe8b17c11613ba85d3,scooter,47.4537,-0.52656,2023-08-15 12:20:01.858408+02:00,"[10, 255, 255]"
pony_294ab33462a64df7aed849b6aadec28d,scooter,47.46498,-0.55861,2023-08-15 12:20:01.858408+02:00,"[10, 255, 255]"
pony_a18667789be940db804fd1c0e94178e1,scooter,47.46744,-0.53541,2023-08-15 12:20:01.858408+02:00,"[10, 255, 255]"
pony_f8292e2b2c29462398441fd001512955,scooter,47.48923,-0.5747,2023-08-15 12:20:01.858408+02:00,"[10, 255, 255]"
pony_81e45ff9bd8b4cf0909242a77e8538f3,scooter,47.46487,-0.55727,2023-08-15 12:20:01.858408+02:00,"[10, 255, 255]"
pony_85eb292a78834ce482bc1e4c0e20eda4,scooter,47.47861,-0.59834,2023-08-15 12:20:01.858408+02:00,"[10, 255, 255]"
pony_956230c5b63f411b8da4a191057c36c8,scooter,47.46983,-0.54764,2023-08-15 12:20:01.858408+02:00,"[10, 255, 255]"
pony_ccce033736df468691e969205622ee7e,scooter,47.44749,-0.56467,2023-08-15 12:20:01.858408+02:00,"[10, 255, 255]"
pony_3d877466d749466795e8cc0bae82ed28,scooter,47.491,-0.56027,2023-08-15 12:20:01.858408+02:00,"[10, 255, 255]"
pony_675e9a66e62e47e0be32e6198489924d,scooter,47.4755,-0.57121,2023-08-15 12:20:01.858408+02:00,"[10, 255, 255]"
pony_b703148c3cf94886b5cf38957b939113,scooter,47.46421,-0.56605,2023-08-15 12:20:01.858408+02:00,"[10, 255, 255]"
pony_f88a552c3848421081cc26d78fea5cf2,scooter,47.45716,-0.55394,2023-08-15 12:20:01.858408+02:00,"[10, 255, 255]"
pony_ddec6ef0997e4e7cad2b9ea24b6149c4,scooter,47.48915,-0.54356,2023-08-15 12:20:01.858408+02:00,"[10, 255, 255]"
pony_edc22929280d4fecb4f23f3cdcc8083b,scooter,47.47106,-0.5516,2023-08-15 12:20:01.858408+02:00,"[10, 255, 255]"
pony_12b76b44fded45759dd8d03e09f042cf,scooter,47.47728,-0.59886,2023-08-15 12:20:01.858408+02:00,"[10, 255, 255]"
pony_a81b483dc0194ed78804310d6b5172be,scooter,47.4628,-0.55964,2023-08-15 12:20:01.858408+02:00,"[10, 255, 255]"
pony_0d26918e068647278fede72e2603b116,scooter,47.44047,-0.48913,2023-08-15 12:20:01.858408+02:00,"[10, 255, 255]"
pony_5faf294500a34c1f88f4fda96d322b57,scooter,47.46173,-0.53931,2023-08-15 12:20:01.858408+02:00,"[10, 255, 255]"
pony_accfcc28d03442689737d46796eeb01e,scooter,47.47138,-0.53285,2023-08-15 12:20:01.858408+02:00,"[10, 255, 255]"
pony_349ec23d41434fc5a189f55285bb1800,scooter,47.46488,-0.5589,2023-08-15 12:20:01.858408+02:00,"[10, 255, 255]"
pony_02b6b44d75794534a0403532344a9aa6,scooter,47.46479,-0.55727,2023-08-15 12:20:01.858408+02:00,"[10, 255, 255]"
pony_e94088e752c04db5b41684ffa37daf16,scooter,47.46228,-0.56669,2023-08-15 12:20:01.858408+02:00,"[10, 255, 255]"
pony_50c49afb8bf24408b260e7776175404c,scooter,47.48958,-0.56066,2023-08-15 12:20:01.858408+02:00,"[10, 255, 255]"
pony_49602af721774ed693c413ffbe113784,scooter,47.46439,-0.54824,2023-08-15 12:20:01.858408+02:00,"[10, 255, 255]"
pony_af2d01a60ab04d7c970ef23bdfc1a9ec,scooter,47.45499,-0.56673,2023-08-15 12:20:01.858408+02:00,"[10, 255, 255]"
pony_64806d38fe9549459662f6266a8cc721,scooter,47.46039,-0.56819,2023-08-15 12:20:01.858408+02:00,"[10, 255, 255]"
pony_905e7a0f933d4b0ebae7f27eecf741c4,scooter,47.46234,-0.5469,2023-08-15 12:20:01.858408+02:00,"[10, 255, 255]"
pony_e737bf6d52dd43a787c56eea1917da30,scooter,47.46736,-0.55895,2023-08-15 12:20:01.858408+02:00,"[10, 255, 255]"
pony_e4d9c41ddb574c8c934ed1a521c3b2a9,scooter,47.47931,-0.55925,2023-08-15 12:20:01.858408+02:00,"[10, 255, 255]"
pony_6b983426f0ae4796942c6a96f95fae3c,scooter,47.47224,-0.55745,2023-08-15 12:20:01.858408+02:00,"[10, 255, 255]"
pony_7fb354182522406dab8226adc860dba8,scooter,47.46554,-0.55697,2023-08-15 12:20:01.858408+02:00,"[10, 255, 255]"
pony_9e7ff56306e64088bf90ef7777da881c,scooter,47.46984,-0.54769,2023-08-15 12:20:01.858408+02:00,"[10, 255, 255]"
pony_6bc7c09378ce4d958bd1c57954c4bdcf,scooter,47.47111,-0.55164,2023-08-15 12:20:01.858408+02:00,"[10, 255, 255]"
pony_aa95b27147fa477582d241d3c47e492c,scooter,47.47783,-0.56837,2023-08-15 12:20:01.858408+02:00,"[10, 255, 255]"
pony_034b77abc2cd4e238c4f774ddc08e358,scooter,47.46382,-0.49128,2023-08-15 12:20:01.858408+02:00,"[10, 255, 255]"
pony_39dc65d696db409da8444c250ba2339a,scooter,47.49236,-0.56029,2023-08-15 12:20:01.858408+02:00,"[10, 255, 255]"
pony_a2b133bda713486b99161fd4f6864872,scooter,47.46276,-0.55981,2023-08-15 12:20:01.858408+02:00,"[10, 255, 255]"
pony_ec265c7bf03c4d10929736ac449b27fb,scooter,47.42497,-0.52543,2023-08-15 12:20:01.858408+02:00,"[10, 255, 255]"
pony_66bb10020c3248aa843bed6b9e387499,scooter,47.44389,-0.54383,2023-08-15 12:20:01.858408+02:00,"[10, 255, 255]"
pony_8f04fd3356f14559a89c5622ee2995a0,scooter,47.5,-0.49041,2023-08-15 12:20:01.858408+02:00,"[10, 255, 255]"
pony_e36db6d9fcf54be8bad839a3fdad33ef,scooter,47.46227,-0.55466,2023-08-15 12:20:01.858408+02:00,"[10, 255, 255]"
pony_8f8ae4d2e2574752a4543ea5f0143767,scooter,47.4727,-0.53927,2023-08-15 12:20:01.858408+02:00,"[10, 255, 255]"
pony_923c0dcd871742d78b0175fda164db67,scooter,47.46553,-0.551,2023-08-15 12:20:01.858408+02:00,"[10, 255, 255]"
pony_2454a2b072a4470ca6f872c18869b7d2,scooter,47.491,-0.56391,2023-08-15 12:20:01.858408+02:00,"[10, 255, 255]"
pony_c7ce300861654e9ab403ba54760286af,scooter,47.47872,-0.53324,2023-08-15 12:20:01.858408+02:00,"[10, 255, 255]"
pony_ae402ad701e64e42bcbd43eb016809c3,scooter,47.46307,-0.54949,2023-08-15 12:20:01.858408+02:00,"[10, 255, 255]"
pony_623d873636594b95a0c2fdef73d710e2,scooter,47.46263,-0.53499,2023-08-15 12:20:01.858408+02:00,"[10, 255, 255]"
pony_5fca7b6d610e4beba459b93ceda0b7ac,scooter,47.44111,-0.49083,2023-08-15 12:20:01.858408+02:00,"[10, 255, 255]"
pony_4445f6040c704ab28cc1133d561c12f7,scooter,47.48052,-0.51755,2023-08-15 12:20:01.858408+02:00,"[10, 255, 255]"
pony_88fd090f1aaf482d8add1b730bbb94ed,scooter,47.45883,-0.55852,2023-08-15 12:20:01.858408+02:00,"[10, 255, 255]"
pony_b9e4d4c43ac04bfc8ba1b4ebe8240376,scooter,47.471,-0.51934,2023-08-15 12:20:01.858408+02:00,"[10, 255, 255]"
pony_9dde3ca1b8ae4529acaf884c907cf81a,scooter,47.488,-0.54477,2023-08-15 12:20:01.858408+02:00,"[10, 255, 255]"
pony_a9505cc76f7447a58af50b0339c89fa7,scooter,47.47113,-0.55276,2023-08-15 12:20:01.858408+02:00,"[10, 255, 255]"
pony_9b3731d1bf774d3ea7824cc4d7494214,scooter,47.46973,-0.54773,2023-08-15 12:20:01.858408+02:00,"[10, 255, 255]"
pony_23b7e997babd4e668f92009e5a6dd98c,scooter,47.49992,-0.58954,2023-08-15 12:20:01.858408+02:00,"[10, 255, 255]"
pony_f96644be14614c319bf08a68f76b4f4a,scooter,47.46729,-0.54943,2023-08-15 12:20:01.858408+02:00,"[10, 255, 255]"
pony_46378761a5f047349e74d0c324f628ef,scooter,47.47307,-0.55005,2023-08-15 12:20:01.858408+02:00,"[10, 255, 255]"
pony_11247b9f4b0243cdbffb7004a22588ef,scooter,47.46801,-0.55135,2023-08-15 12:20:01.858408+02:00,"[10, 255, 255]"
pony_8ed6a0f8a7114267b52ac87ea03d84ea,scooter,47.46492,-0.55691,2023-08-15 12:20:01.858408+02:00,"[10, 255, 255]"
pony_28e2d23e9b254aed9dc2d79a52b957c1,scooter,47.46985,-0.54768,2023-08-15 12:20:01.858408+02:00,"[10, 255, 255]"
pony_b8fe0af195df4de3aaf54911f03a43ab,scooter,47.45355,-0.53667,2023-08-15 12:20:01.858408+02:00,"[10, 255, 255]"
pony_990fa5abce364ab9a8773914497961d1,scooter,47.4684,-0.53783,2023-08-15 12:20:01.858408+02:00,"[10, 255, 255]"
pony_b8756ceac2a54611892a78664384d9c6,scooter,47.47906,-0.5643,2023-08-15 12:20:01.858408+02:00,"[10, 255, 255]"
pony_058fadd0c86a465d94e8971bccc79363,scooter,47.46586,-0.55805,2023-08-15 12:20:01.858408+02:00,"[10, 255, 255]"
pony_a44645272cf04bf09b6b69125ad36681,scooter,47.49262,-0.50183,2023-08-15 12:20:01.858408+02:00,"[10, 255, 255]"
pony_ca3bce5b216941839069cff0b3cf3e2a,scooter,47.45811,-0.5638,2023-08-15 12:20:01.858408+02:00,"[10, 255, 255]"
pony_fa0d781777c841ea99e73133f0bc4a84,scooter,47.47067,-0.55173,2023-08-15 12:20:01.858408+02:00,"[10, 255, 255]"
pony_f224b49d19a5426d93fb9c7995df822f,scooter,47.47289,-0.57715,2023-08-15 12:20:01.858408+02:00,"[10, 255, 255]"
pony_b550bcbe8ead418ea46bcfbe5f6fb514,scooter,47.48918,-0.57474,2023-08-15 12:20:01.858408+02:00,"[10, 255, 255]"
pony_190245367dfb4473b7c363bd930258eb,scooter,47.45237,-0.54231,2023-08-15 12:20:01.858408+02:00,"[10, 255, 255]"
pony_1a64ec221cc84e42b85c407ec4a26bda,scooter,47.47717,-0.59925,2023-08-15 12:20:01.858408+02:00,"[10, 255, 255]"
pony_73796d8e1b1a4f3fa476d14cef914a97,scooter,47.51038,-0.59445,2023-08-15 12:20:01.858408+02:00,"[10, 255, 255]"
pony_728cf4e62a384130a838c1c40621d3e8,scooter,47.46764,-0.52515,2023-08-15 12:20:01.858408+02:00,"[10, 255, 255]"
pony_f316f5e9feed47eeac92f83cf56fad7a,scooter,47.46144,-0.5324,2023-08-15 12:20:01.858408+02:00,"[10, 255, 255]"
pony_ae6feda923034383b3d895448ca65232,scooter,47.48839,-0.54263,2023-08-15 12:20:01.858408+02:00,"[10, 255, 255]"
pony_d3fb3746672846f6b3a17399c2819907,scooter,47.45885,-0.53167,2023-08-15 12:20:01.858408+02:00,"[10, 255, 255]"
pony_1bef79d185f042e6af545705a378a5ea,scooter,47.46797,-0.5271,2023-08-15 12:20:01.858408+02:00,"[10, 255, 255]"
pony_1c150035a32a404f97422467d9bac87b,scooter,47.47897,-0.56415,2023-08-15 12:20:01.858408+02:00,"[10, 255, 255]"
pony_22bb64fb5e4047139efaa5fd30a644be,scooter,47.4792,-0.56446,2023-08-15 12:20:01.858408+02:00,"[10, 255, 255]"
pony_f9b8b49390264f2a80e1c82beef2db36,scooter,47.46509,-0.55675,2023-08-15 12:20:01.858408+02:00,"[10, 255, 255]"
pony_555452fb02524a4fb4d0f20f571c3011,scooter,47.46002,-0.52421,2023-08-15 12:20:01.858408+02:00,"[10, 255, 255]"
pony_ccf1686438764f958d27b7bd0e1cf5a4,scooter,47.46481,-0.55721,2023-08-15 12:20:01.858408+02:00,"[10, 255, 255]"
pony_b5166347467a448684290f51feb65e06,scooter,47.46986,-0.54753,2023-08-15 12:20:01.858408+02:00,"[10, 255, 255]"
pony_0a4d3490e62740cd9a8e13a73df6df35,scooter,47.46976,-0.54765,2023-08-15 12:20:01.858408+02:00,"[10, 255, 255]"
pony_e47dd6d78ce6415ebffeb6d896744d63,scooter,47.46491,-0.54054,2023-08-15 12:20:01.858408+02:00,"[10, 255, 255]"
pony_75da4819c68c4736acdac544f1d82391,scooter,47.46482,-0.55727,2023-08-15 12:20:01.858408+02:00,"[10, 255, 255]"
pony_ace3dca898ea4c228c9c14b40e5bd0c1,scooter,47.4522,-0.55877,2023-08-15 12:20:01.858408+02:00,"[10, 255, 255]"
pony_bbb83c8553a743ad9a926baa6a0781f5,scooter,47.45237,-0.55412,2023-08-15 12:20:01.858408+02:00,"[10, 255, 255]"
pony_2c11000ba0464d0c91aeadd90a9d1602,scooter,47.48627,-0.55565,2023-08-15 12:20:01.858408+02:00,"[10, 255, 255]"
pony_813ae37602be435eb6b43caa83f34370,scooter,47.45524,-0.54444,2023-08-15 12:20:01.858408+02:00,"[10, 255, 255]"
pony_4c8c742d06734fef98160eae527a247f,scooter,47.44881,-0.53882,2023-08-15 12:20:01.858408+02:00,"[10, 255, 255]"
pony_677c0de9c3f34d93b293e4189c2e9b88,scooter,47.47671,-0.5981,2023-08-15 12:20:01.858408+02:00,"[10, 255, 255]"
pony_8a3c7355a97a47278039f71761f2d798,scooter,47.47662,-0.56707,2023-08-15 12:20:01.858408+02:00,"[10, 255, 255]"
pony_d4e9f2ffa07742988fe4b97b92cc2b07,scooter,47.46479,-0.55711,2023-08-15 12:20:01.858408+02:00,"[10, 255, 255]"
pony_5c0bef7e0e8846ae99fdf9b39ad85241,scooter,47.48715,-0.53687,2023-08-15 12:20:01.858408+02:00,"[10, 255, 255]"
pony_c6bbf39022014f4abcf2060b43d61c82,scooter,47.47504,-0.58227,2023-08-15 12:20:01.858408+02:00,"[10, 255, 255]"
pony_2d50ae80872844d3ae3d3797815facc3,scooter,47.46768,-0.52506,2023-08-15 12:20:01.858408+02:00,"[10, 255, 255]"
pony_2a1a292d87044e389bbf1316af3fb662,scooter,47.46717,-0.54944,2023-08-15 12:20:01.858408+02:00,"[10, 255, 255]"
pony_4d22cef5091e479bb17b355e24223335,scooter,47.46468,-0.55729,2023-08-15 12:20:01.858408+02:00,"[10, 255, 255]"
pony_9a7d06cb357d4313b779e223bfbd3d68,scooter,47.48905,-0.54262,2023-08-15 12:20:01.858408+02:00,"[10, 255, 255]"
pony_bfe9a19a328a494095b7fefd7a6b100d,scooter,47.46483,-0.54917,2023-08-15 12:20:01.858408+02:00,"[10, 255, 255]"
pony_0c941b1123074d72afc86663a27934ff,scooter,47.4789,-0.56444,2023-08-15 12:20:01.858408+02:00,"[10, 255, 255]"
pony_2617d624c698403ab14c2f7f8c37537b,scooter,47.45101,-0.54885,2023-08-15 12:20:01.858408+02:00,"[10, 255, 255]"
pony_a41b229a118247d68a0fd25ae6ddbe4a,scooter,47.46987,-0.54767,2023-08-15 12:20:01.858408+02:00,"[10, 255, 255]"
pony_9a9ebec26ec24976896f282f769b175f,scooter,47.4893,-0.53419,2023-08-15 12:20:01.858408+02:00,"[10, 255, 255]"
pony_a5cf57458b344ef28749d3a7d2d9df23,scooter,47.47414,-0.55347,2023-08-15 12:20:01.858408+02:00,"[10, 255, 255]"
pony_797cf590d4f0445c93f6147b3a6bb05a,scooter,47.48571,-0.62593,2023-08-15 12:20:01.858408+02:00,"[10, 255, 255]"
pony_0c4ebcf419bb43d886ab2435e59ba1df,scooter,47.46495,-0.55683,2023-08-15 12:20:01.858408+02:00,"[10, 255, 255]"
pony_a453ca30c7e24518814541b5dca3930a,scooter,47.45711,-0.55386,2023-08-15 12:20:01.858408+02:00,"[10, 255, 255]"
pony_3e18c99ae37d4d7d8a64036d55fbdefe,scooter,47.46417,-0.55956,2023-08-15 12:20:01.858408+02:00,"[10, 255, 255]"
pony_43667fe0bca64bba96ac2b43743b074a,scooter,47.47101,-0.55185,2023-08-15 12:20:01.858408+02:00,"[10, 255, 255]"
pony_7b207dcd34124435870ad39283487096,scooter,47.48336,-0.56382,2023-08-15 12:20:01.858408+02:00,"[10, 255, 255]"
pony_f99fce02c83a45ebaa7940123ccabac9,scooter,47.45752,-0.54455,2023-08-15 12:20:01.858408+02:00,"[10, 255, 255]"
pony_1c1bc17b59de4013852d2b5ae4c2190b,scooter,47.47833,-0.55209,2023-08-15 12:20:01.858408+02:00,"[10, 255, 255]"
pony_41f46c155a6044de9c167f9154353163,scooter,47.44852,-0.49569,2023-08-15 12:20:01.858408+02:00,"[10, 255, 255]"
pony_c175e12cc039414899f46243b32944d1,scooter,47.48918,-0.5747,2023-08-15 12:20:01.858408+02:00,"[10, 255, 255]"
pony_17f2996532624b5cbe26d8064c3efd48,scooter,47.46479,-0.55726,2023-08-15 12:20:01.858408+02:00,"[10, 255, 255]"
pony_10f615c5a44d4190b685175d33a2bda6,scooter,47.4597,-0.59642,2023-08-15 12:20:01.858408+02:00,"[10, 255, 255]"
pony_cec43610b05d4fca923f2e7c16015f6d,scooter,47.45963,-0.55449,2023-08-15 12:20:01.858408+02:00,"[10, 255, 255]"
pony_799b5f46be7b4f4aafa888dbed85c61d,scooter,47.47604,-0.60723,2023-08-15 12:20:01.858408+02:00,"[10, 255, 255]"
pony_4fb8cce9d7624d02b7368d7bb2422885,scooter,47.46676,-0.54843,2023-08-15 12:20:01.858408+02:00,"[10, 255, 255]"
pony_f9d9caa3b860465a9b112edc9c412d5c,scooter,47.47093,-0.55153,2023-08-15 12:20:01.858408+02:00,"[10, 255, 255]"
pony_23fef6147c7d47788de11698380437f3,scooter,47.49105,-0.56106,2023-08-15 12:20:01.858408+02:00,"[10, 255, 255]"
pony_1bfc6904d0444dbea6a19f15650c5947,scooter,47.47917,-0.5204,2023-08-15 12:20:01.858408+02:00,"[10, 255, 255]"
pony_bfd576f2072d4f429de1dd0de7803694,scooter,47.46438,-0.54845,2023-08-15 12:20:01.858408+02:00,"[10, 255, 255]"
pony_3b912f1375964b23aed6d3bc11cf60ae,scooter,47.4921,-0.56037,2023-08-15 12:20:01.858408+02:00,"[10, 255, 255]"
pony_1c71b4f7999f4d06879bdd8837d2cd18,scooter,47.47666,-0.59805,2023-08-15 12:20:01.858408+02:00,"[10, 255, 255]"
pony_dbd03e69cc854f6f84f06992a82b09c8,scooter,47.42394,-0.56271,2023-08-15 12:20:01.858408+02:00,"[10, 255, 255]"
pony_e8b785e22ff148f69bc9647c6116efb1,scooter,47.51262,-0.59713,2023-08-15 12:20:01.858408+02:00,"[10, 255, 255]"
pony_ca2e59be502141288ffa583e7e8f74c2,scooter,47.48933,-0.54436,2023-08-15 12:20:01.858408+02:00,"[10, 255, 255]"
pony_4fad29e83926450ea081f5ecbf953c8a,scooter,47.48814,-0.53953,2023-08-15 12:20:01.858408+02:00,"[10, 255, 255]"
pony_26f5b97b90ae4acab73702cbc6f36a6e,scooter,47.47169,-0.55201,2023-08-15 12:20:01.858408+02:00,"[10, 255, 255]"
pony_31358609200042c8aa4a4e4bddaf930f,scooter,47.45295,-0.55395,2023-08-15 12:20:01.858408+02:00,"[10, 255, 255]"
pony_2b999839d19c41108fc8a22a91d11122,scooter,47.47854,-0.59826,2023-08-15 12:20:01.858408+02:00,"[10, 255, 255]"
pony_370a2888b48e4d0ab96527482bc15991,scooter,47.47589,-0.58917,2023-08-15 12:20:01.858408+02:00,"[10, 255, 255]"
pony_96ee36b7e7624731854ff4c36909efd3,scooter,47.47743,-0.59933,2023-08-15 12:20:01.858408+02:00,"[10, 255, 255]"
pony_015666ea6cf34a70b1cb36f28d41aef7,scooter,47.42978,-0.52789,2023-08-15 12:20:01.858408+02:00,"[10, 255, 255]"
pony_cfedba729c424885b7f86d74a7f760c3,scooter,47.42496,-0.52546,2023-08-15 12:20:01.858408+02:00,"[10, 255, 255]"
pony_78a33afdd5684c54be8efc62afe99a97,scooter,47.47501,-0.58246,2023-08-15 12:20:01.858408+02:00,"[10, 255, 255]"
pony_aa7e135aad8b4f43bd46712a2b435773,scooter,47.46618,-0.63352,2023-08-15 12:20:01.858408+02:00,"[10, 255, 255]"
pony_fb9fb9b255fd4da7a8323410d8c78fb2,scooter,47.44753,-0.50973,2023-08-15 12:20:01.858408+02:00,"[10, 255, 255]"
pony_1242ade0de8345b89b5312bd5633f337,scooter,47.47095,-0.55163,2023-08-15 12:20:01.858408+02:00,"[10, 255, 255]"
pony_396b100bb61e4547bfbfbd90d82cde09,scooter,47.46536,-0.55739,2023-08-15 12:20:01.858408+02:00,"[10, 255, 255]"
pony_8a7992962f664c999c4f31630edd335b,scooter,47.5104,-0.59447,2023-08-15 12:20:01.858408+02:00,"[10, 255, 255]"
pony_7e46188256204407ae1d52a182ed6088,scooter,47.48351,-0.57444,2023-08-15 12:20:01.858408+02:00,"[10, 255, 255]"
pony_a826e9545389429b8fa3a303048b8bae,scooter,47.4945,-0.56127,2023-08-15 12:20:01.858408+02:00,"[10, 255, 255]"
pony_9b6dae56aa294311aa825b15ccca7d5e,scooter,47.45525,-0.54251,2023-08-15 12:20:01.858408+02:00,"[10, 255, 255]"
pony_bc9586ca3bb54f07b48eb2991e411aa4,scooter,47.45353,-0.53671,2023-08-15 12:20:01.858408+02:00,"[10, 255, 255]"
pony_409c4010659f439bb1d92e966bb44f65,scooter,47.46553,-0.55072,2023-08-15 12:20:01.858408+02:00,"[10, 255, 255]"
pony_80d3891e430b4618a2b9f697635faf7a,scooter,47.48984,-0.50691,2023-08-15 12:20:01.858408+02:00,"[10, 255, 255]"
pony_8f59a939a4eb490d8f58ff1943d38bd4,scooter,47.46485,-0.55737,2023-08-15 12:20:01.858408+02:00,"[10, 255, 255]"
pony_76b627986b594d8aad240e4f205d5431,scooter,47.48651,-0.55519,2023-08-15 12:20:01.858408+02:00,"[10, 255, 255]"
pony_cca9aad07d6c4196bfa09f518997a68e,scooter,47.4866,-0.53788,2023-08-15 12:20:01.858408+02:00,"[10, 255, 255]"
pony_339e3984849b4a64938fb89c477f546f,scooter,47.46688,-0.49757,2023-08-15 12:20:01.858408+02:00,"[10, 255, 255]"
pony_88ce7f2da33f41c186ed60560f1da00e,scooter,47.46989,-0.54769,2023-08-15 12:20:01.858408+02:00,"[10, 255, 255]"
pony_d103a4a6662e41ccb08e2f38706f441c,scooter,47.45612,-0.52401,2023-08-15 12:20:01.858408+02:00,"[10, 255, 255]"
pony_57a8e334a166415094e628298ad54381,scooter,47.47096,-0.55171,2023-08-15 12:20:01.858408+02:00,"[10, 255, 255]"
pony_e7e4227c3059485faa011e7092b5c720,scooter,47.48956,-0.56258,2023-08-15 12:20:01.858408+02:00,"[10, 255, 255]"
pony_8daac338c6ee4a15be5d4c179a3503ad,scooter,47.46443,-0.54841,2023-08-15 12:20:01.858408+02:00,"[10, 255, 255]"
pony_4bbe8bc43ebb42a69665f1684fe16763,scooter,47.47342,-0.53781,2023-08-15 12:20:01.858408+02:00,"[10, 255, 255]"
pony_451f76bd44ab46069009dcf4c2e3bdf3,scooter,47.46491,-0.5573,2023-08-15 12:20:01.858408+02:00,"[10, 255, 255]"
pony_ff79afa013ab4682a9a8c21fd509fc07,scooter,47.46206,-0.56695,2023-08-15 12:20:01.858408+02:00,"[10, 255, 255]"
pony_44ceaa1580084aea84dd1ecaca33e153,scooter,47.48912,-0.54367,2023-08-15 12:20:01.858408+02:00,"[10, 255, 255]"
pony_a5478efa2b094c5ba2c07d04db14dcfd,scooter,47.46642,-0.55716,2023-08-15 12:20:01.858408+02:00,"[10, 255, 255]"
pony_16486c6c81574393a4387575631a1fe9,scooter,47.48626,-0.51376,2023-08-15 12:20:01.858408+02:00,"[10, 255, 255]"
pony_ad4103a87bf14fffac1faaa8c88a8e16,scooter,47.46437,-0.54834,2023-08-15 12:20:01.858408+02:00,"[10, 255, 255]"
pony_5f30edfd0d944c0cbfc5930bdc105fc6,scooter,47.4443,-0.53941,2023-08-15 12:20:01.858408+02:00,"[10, 255, 255]"
pony_ae6da9fc02f4448ebb790a3261304e74,scooter,47.48534,-0.54098,2023-08-15 12:20:01.858408+02:00,"[10, 255, 255]"
pony_59ffbd7b07804b74b404c631fce29fd9,scooter,47.48996,-0.55713,2023-08-15 12:20:01.858408+02:00,"[10, 255, 255]"
pony_887d4d032259441d936c8f801fa22d76,scooter,47.46709,-0.55243,2023-08-15 12:20:01.858408+02:00,"[10, 255, 255]"
pony_6a756aff6db74d41b2861721a1ffdc2d,scooter,47.45821,-0.56382,2023-08-15 12:20:01.858408+02:00,"[10, 255, 255]"
pony_9844502035ca4dc1975fcf907800b157,scooter,47.46783,-0.52702,2023-08-15 12:20:01.858408+02:00,"[10, 255, 255]"
pony_d0fe9ab031fe405483402db44fb3c128,scooter,47.47893,-0.56499,2023-08-15 12:20:01.858408+02:00,"[10, 255, 255]"
pony_78f232264c254f3cb77e60812294f0ff,scooter,47.46503,-0.59938,2023-08-15 12:20:01.858408+02:00,"[10, 255, 255]"
pony_7b636a0e63ee4e9e85b9803b791ae952,scooter,47.47269,-0.56178,2023-08-15 12:20:01.858408+02:00,"[10, 255, 255]"
pony_4d62ffff86d54ee1b85fd1daee599065,scooter,47.48857,-0.5702,2023-08-15 12:20:01.858408+02:00,"[10, 255, 255]"
pony_195814823d0b4504adf1f5cb69dfd01c,scooter,47.46279,-0.55967,2023-08-15 12:20:01.858408+02:00,"[10, 255, 255]"
pony_254437b7ceab44efac5f9dea172935b6,scooter,47.4238,-0.56262,2023-08-15 12:20:01.858408+02:00,"[10, 255, 255]"
pony_14d30efac2c44d54b30386a94f04ffb4,scooter,47.4671,-0.54505,2023-08-15 12:20:01.858408+02:00,"[10, 255, 255]"
pony_0ca4b4964e8441ba9b04b7bc35c8a0e2,scooter,47.4676,-0.52528,2023-08-15 12:20:01.858408+02:00,"[10, 255, 255]"
pony_0b68edf3174d40d98b6d204d6d797e6c,scooter,47.4727,-0.53925,2023-08-15 12:20:01.858408+02:00,"[10, 255, 255]"
pony_d7cfd96ec5c7464382c1e272bb79c59b,scooter,47.49264,-0.50185,2023-08-15 12:20:01.858408+02:00,"[10, 255, 255]"
pony_8da0ea1a1bcf40979a3e78f54b6a7159,scooter,47.46292,-0.53801,2023-08-15 12:20:01.858408+02:00,"[10, 255, 255]"
pony_c6d3dc1da8f147dd8d579209ce3a58fd,scooter,47.46484,-0.55734,2023-08-15 12:20:01.858408+02:00,"[10, 255, 255]"
pony_9fa285650a1f4471b1cc4932a9c98d29,scooter,47.47079,-0.55161,2023-08-15 12:20:01.858408+02:00,"[10, 255, 255]"
pony_7df534b4599a4cc1985d16f54e262766,scooter,47.44679,-0.49804,2023-08-15 12:20:01.858408+02:00,"[10, 255, 255]"
pony_1d7c8aa8722946d5843f4af121488545,scooter,47.46482,-0.55739,2023-08-15 12:20:01.858408+02:00,"[10, 255, 255]"
pony_5ff484fcfa31454dad1464d3bd805113,scooter,47.48911,-0.54374,2023-08-15 12:20:01.858408+02:00,"[10, 255, 255]"
pony_71c13b48184647aa84ba38688418c0df,scooter,47.47314,-0.59652,2023-08-15 12:20:01.858408+02:00,"[10, 255, 255]"
pony_26ad7f1dbcc344858e7721139fcd5f10,scooter,47.47681,-0.59818,2023-08-15 12:20:01.858408+02:00,"[10, 255, 255]"
pony_20ce337f23c448ef8505515317b93267,scooter,47.48009,-0.5721,2023-08-15 12:20:01.858408+02:00,"[10, 255, 255]"
pony_d3e2a1ecd0d54e3eb72dae95403f09d7,scooter,47.46968,-0.55808,2023-08-15 12:20:01.858408+02:00,"[10, 255, 255]"
pony_3bd135e0e411433dbb42c2d48002f1b9,scooter,47.48128,-0.60624,2023-08-15 12:20:01.858408+02:00,"[10, 255, 255]"
pony_aa268cea94b6480d9097ed47a08e44f6,scooter,47.46495,-0.55704,2023-08-15 12:20:01.858408+02:00,"[10, 255, 255]"
pony_2e7d474648cf42ec8d76925fcc5c8c16,scooter,47.46706,-0.55614,2023-08-15 12:20:01.858408+02:00,"[10, 255, 255]"
pony_755d18a63c7a4e10be902952d052239f,scooter,47.47522,-0.56173,2023-08-15 12:20:01.858408+02:00,"[10, 255, 255]"
pony_65ebefd491254130b83e1c0fb49978d6,scooter,47.44159,-0.49177,2023-08-15 12:20:01.858408+02:00,"[10, 255, 255]"
pony_1d973f996750498780e635abe43569af,scooter,47.4744,-0.54122,2023-08-15 12:20:01.858408+02:00,"[10, 255, 255]"
pony_2677f413fe63496a91e9f367d177cb7f,scooter,47.44786,-0.5451,2023-08-15 12:20:01.858408+02:00,"[10, 255, 255]"
pony_d8074eaa85bf4a1ba8d393a67c395e1a,scooter,47.48503,-0.53378,2023-08-15 12:20:01.858408+02:00,"[10, 255, 255]"
pony_0a3ec988cbea4decbaa569dbca726b70,scooter,47.46483,-0.55738,2023-08-15 12:20:01.858408+02:00,"[10, 255, 255]"
pony_105a4f88966d4c86a47329d3cceaea55,scooter,47.47467,-0.63042,2023-08-15 12:20:01.858408+02:00,"[10, 255, 255]"
pony_66afd885836f42a4b5afced125f87f82,scooter,47.45898,-0.48491,2023-08-15 12:20:01.858408+02:00,"[10, 255, 255]"
pony_453ad4151f0a492a943d63513b69ed02,scooter,47.4809,-0.56414,2023-08-15 12:20:01.858408+02:00,"[10, 255, 255]"
pony_ae483d5ffcdf4483a06dde1807000574,scooter,47.46312,-0.53028,2023-08-15 12:20:01.858408+02:00,"[10, 255, 255]"
pony_1ade6112f9934fd78b672a7691dc58b0,scooter,47.46985,-0.54774,2023-08-15 12:20:01.858408+02:00,"[10, 255, 255]"
pony_98c214fc2046452788d3dd9bb4cecb0d,scooter,47.50201,-0.517,2023-08-15 12:20:01.858408+02:00,"[10, 255, 255]"
pony_fd7d6286eb634d3bb0349aed0aa5ba05,scooter,47.48088,-0.53675,2023-08-15 12:20:01.858408+02:00,"[10, 255, 255]"
pony_f5bc0e029c044520bfb9124a056a63dc,scooter,47.49021,-0.56112,2023-08-15 12:20:01.858408+02:00,"[10, 255, 255]"
pony_91302746a90a43b99479c104996f6132,scooter,47.50011,-0.52074,2023-08-15 12:20:01.858408+02:00,"[10, 255, 255]"
pony_f8ce66f83bbd4fb9a759a6ed70cf1965,scooter,47.46445,-0.54839,2023-08-15 12:20:01.858408+02:00,"[10, 255, 255]"
pony_f04e58d5a8aa493aa2ffa4e379a2d901,scooter,47.46283,-0.55256,2023-08-15 12:20:01.858408+02:00,"[10, 255, 255]"
pony_8165d2912c11455486adcf2a4245b34d,scooter,47.46507,-0.55679,2023-08-15 12:20:01.858408+02:00,"[10, 255, 255]"
pony_a2672a6d858b4d5d8df26461b94c3444,scooter,47.45589,-0.55112,2023-08-15 12:20:01.858408+02:00,"[10, 255, 255]"
pony_b3bae120084c4bcf913b3f584ed9470e,scooter,47.4443,-0.53938,2023-08-15 12:20:01.858408+02:00,"[10, 255, 255]"
pony_fcfd72a09c66414eb34e00109a23b22b,scooter,47.44868,-0.53861,2023-08-15 12:20:01.858408+02:00,"[10, 255, 255]"
pony_ae9cd28dd85045f78591c466890c1168,scooter,47.42515,-0.56401,2023-08-15 12:20:01.858408+02:00,"[10, 255, 255]"
pony_f3457444b0a643089729e4703246e644,scooter,47.443,-0.48908,2023-08-15 12:20:01.858408+02:00,"[10, 255, 255]"
pony_618f57cd228943b98c7d99a9b944edfb,scooter,47.45703,-0.57032,2023-08-15 12:20:01.858408+02:00,"[10, 255, 255]"
pony_6014eb83220d4c8c864686f0f45fd498,scooter,47.45463,-0.55688,2023-08-15 12:20:01.858408+02:00,"[10, 255, 255]"
pony_f1b45840627b43a0ab489a7710199292,scooter,47.45586,-0.55121,2023-08-15 12:20:01.858408+02:00,"[10, 255, 255]"
pony_2b47f16076d84061b999c90eeb237e45,scooter,47.46996,-0.54772,2023-08-15 12:20:01.858408+02:00,"[10, 255, 255]"
pony_c2208e3b1f3746659fbd79b57f40c89b,scooter,47.49175,-0.55144,2023-08-15 12:20:01.858408+02:00,"[10, 255, 255]"
pony_397459a3079b40cdb19728b1ece90e41,scooter,47.47624,-0.53842,2023-08-15 12:20:01.858408+02:00,"[10, 255, 255]"
pony_b8894fd5caf0423b85e2c8e370f504b8,scooter,47.46985,-0.5477,2023-08-15 12:20:01.858408+02:00,"[10, 255, 255]"
pony_02166aaee179414d98ac0e1cda887c02,scooter,47.46984,-0.54768,2023-08-15 12:20:01.858408+02:00,"[10, 255, 255]"
pony_fb1a3c3c1b694329bb775c3671e7e156,scooter,47.46002,-0.59213,2023-08-15 12:20:01.858408+02:00,"[10, 255, 255]"
pony_52f8dd04982c45899a1c8f6df70588a2,scooter,47.44632,-0.4892,2023-08-15 12:20:01.858408+02:00,"[10, 255, 255]"
pony_5c25865ee454400bbec9695f1dc7f35f,scooter,47.46486,-0.557,2023-08-15 12:20:01.858408+02:00,"[10, 255, 255]"
pony_6f8ec0131ccc4abe953fefd6b5d7b132,scooter,47.46864,-0.52658,2023-08-15 12:20:01.858408+02:00,"[10, 255, 255]"
pony_dc3736d5ac61491a877408a7616f79c0,scooter,47.47488,-0.60215,2023-08-15 12:20:01.858408+02:00,"[10, 255, 255]"
pony_aad2242693714f4faefa190f54f8acf1,scooter,47.46723,-0.54953,2023-08-15 12:20:01.858408+02:00,"[10, 255, 255]"
pony_26d729b25eb946c6a5c258ca0fbea409,scooter,47.48573,-0.62594,2023-08-15 12:20:01.858408+02:00,"[10, 255, 255]"
pony_bfbfabb2f9cf4a3db96d141bdac8ed92,scooter,47.47086,-0.55175,2023-08-15 12:20:01.858408+02:00,"[10, 255, 255]"
pony_dcc85f01953b4e53b82eb1e3b8cdb545,scooter,47.46539,-0.5507,2023-08-15 12:20:01.858408+02:00,"[10, 255, 255]"
pony_b12ede3fab14405f8f81c620ab73e649,scooter,47.46934,-0.56169,2023-08-15 12:20:01.858408+02:00,"[10, 255, 255]"
pony_b3c0dc57d12744f08b2bfd3fb5957893,scooter,47.46445,-0.54842,2023-08-15 12:20:01.858408+02:00,"[10, 255, 255]"
pony_291fb73a8ef54c8cbbc75ed61ff26351,scooter,47.45861,-0.55251,2023-08-15 12:20:01.858408+02:00,"[10, 255, 255]"
pony_fafa4ef019a74f08bea1d25d6e5271ed,scooter,47.48881,-0.5427,2023-08-15 12:20:01.858408+02:00,"[10, 255, 255]"
pony_53cd2755a6dc4fff87bef5ccaccab116,scooter,47.46542,-0.54518,2023-08-15 12:20:01.858408+02:00,"[10, 255, 255]"
pony_008cab20c299412fbc2151ab18708182,scooter,47.50001,-0.49042,2023-08-15 12:20:01.858408+02:00,"[10, 255, 255]"
pony_a446ebc7a0df43b49d239da5bcc27fc5,scooter,47.46757,-0.52511,2023-08-15 12:20:01.858408+02:00,"[10, 255, 255]"
pony_045953ccc7c847b998345baf2d4745bd,scooter,47.44539,-0.5468,2023-08-15 12:20:01.858408+02:00,"[10, 255, 255]"
pony_d8daf22365d04feeb386ac592b830499,scooter,47.4949,-0.57499,2023-08-15 12:20:01.858408+02:00,"[10, 255, 255]"
pony_d03a399aaa7546e484b23fc55abe9a32,scooter,47.46187,-0.59192,2023-08-15 12:20:01.858408+02:00,"[10, 255, 255]"
pony_38035274e20a47e5a87233f626fea098,scooter,47.44621,-0.48926,2023-08-15 12:20:01.858408+02:00,"[10, 255, 255]"
pony_6f09a320734f4afca169ccc1788155e2,scooter,47.48361,-0.51933,2023-08-15 12:20:01.858408+02:00,"[10, 255, 255]"
pony_f576dfcac67145538ff5cc3616e56908,scooter,47.45994,-0.52412,2023-08-15 12:20:01.858408+02:00,"[10, 255, 255]"
pony_6f23a6a7709647088254d6a4b0fa7188,scooter,47.46109,-0.48458,2023-08-15 12:20:01.858408+02:00,"[10, 255, 255]"
pony_c6688cb1165d45d0b8c74f487f7e533e,scooter,47.48431,-0.54141,2023-08-15 12:20:01.858408+02:00,"[10, 255, 255]"
pony_9ce37eb2109141b9b638ff5863d725b1,scooter,47.46513,-0.55574,2023-08-15 12:20:01.858408+02:00,"[10, 255, 255]"
pony_18d4b85deda44aa2b046b9f9b503fb1e,scooter,47.47241,-0.56128,2023-08-15 12:20:01.858408+02:00,"[10, 255, 255]"
pony_87477ea733f4413786c936df0b3c4614,scooter,47.46478,-0.55736,2023-08-15 12:20:01.858408+02:00,"[10, 255, 255]"
pony_74738d62b1fc4a79b30dcff79a97d80d,scooter,47.49109,-0.5545,2023-08-15 12:20:01.858408+02:00,"[10, 255, 255]"
pony_461fe4edcb69425680745fa863eebffb,scooter,47.46287,-0.55973,2023-08-15 12:20:01.858408+02:00,"[10, 255, 255]"
pony_94325c341018470ead6edf548b4629cf,scooter,47.45039,-0.52701,2023-08-15 12:20:01.858408+02:00,"[10, 255, 255]"
pony_dd40e61397a54b49b2dc561608121346,scooter,47.47131,-0.54646,2023-08-15 12:20:01.858408+02:00,"[10, 255, 255]"
pony_aa2097f474a349fca1939963499d3e99,scooter,47.4698,-0.54768,2023-08-15 12:20:01.858408+02:00,"[10, 255, 255]"
pony_f1536c189edc413eae692a159ab4a5f7,scooter,47.48923,-0.57471,2023-08-15 12:20:01.858408+02:00,"[10, 255, 255]"
pony_c77f10b02831477f88dfef6b186510cf,scooter,47.47671,-0.58768,2023-08-15 12:20:01.858408+02:00,"[10, 255, 255]"
pony_2d3207176f2a47109d512adf605369d7,scooter,47.47548,-0.55895,2023-08-15 12:20:01.858408+02:00,"[10, 255, 255]"
pony_90f51bab5c0544b582d0d44ab1cc3cbb,scooter,47.46543,-0.55076,2023-08-15 12:20:01.858408+02:00,"[10, 255, 255]"
pony_5064c6cfb6cd4735bba94c5f582b8b8b,scooter,47.45128,-0.54886,2023-08-15 12:20:01.858408+02:00,"[10, 255, 255]"
pony_5d37f4cba4bc4342b2d867d6ac65c1bc,scooter,47.4648,-0.55691,2023-08-15 12:20:01.858408+02:00,"[10, 255, 255]"
pony_fe07efad303844729d3d2f17d212325d,scooter,47.43516,-0.50102,2023-08-15 12:20:01.858408+02:00,"[10, 255, 255]"
pony_0a7a782bc63d4c059466347635d324d3,scooter,47.44543,-0.54678,2023-08-15 12:20:01.858408+02:00,"[10, 255, 255]"
pony_8af9a3781dd243f48cfe6c600fc1556f,scooter,47.48831,-0.55791,2023-08-15 12:20:01.858408+02:00,"[10, 255, 255]"
pony_f4d3936d774d4c82a35db59c0a87a79d,scooter,47.46447,-0.54836,2023-08-15 12:20:01.858408+02:00,"[10, 255, 255]"
pony_b1840b405b2d43ad865de1ab1dfb1dd4,scooter,47.47619,-0.53839,2023-08-15 12:20:01.858408+02:00,"[10, 255, 255]"
pony_7454c7cb4cff4d6581cff51f5217150e,scooter,47.46755,-0.5252,2023-08-15 12:20:01.858408+02:00,"[10, 255, 255]"
pony_ed9b52d817b349b09ad2e34091949fe6,scooter,47.45618,-0.54351,2023-08-15 12:20:01.858408+02:00,"[10, 255, 255]"
pony_ed331fb91511436d80ef460953014c7a,scooter,47.47889,-0.55703,2023-08-15 12:20:01.858408+02:00,"[10, 255, 255]"
pony_49d4f646824d453dbfa93ebd4ed70346,scooter,47.47507,-0.52578,2023-08-15 12:20:01.858408+02:00,"[10, 255, 255]"
pony_500fd438893f4ad3b91c15c27ed54a61,scooter,47.44916,-0.56534,2023-08-15 12:20:01.858408+02:00,"[10, 255, 255]"
pony_36f04fef296c47bf81ce8c4f7e397558,scooter,47.44868,-0.53867,2023-08-15 12:20:01.858408+02:00,"[10, 255, 255]"
pony_0b60ba0e1135430e8ea4d8510af7475d,scooter,47.44064,-0.48912,2023-08-15 12:20:01.858408+02:00,"[10, 255, 255]"
pony_64138e7465b3461a8f3e97420a376bfe,scooter,47.46645,-0.55718,2023-08-15 12:20:01.858408+02:00,"[10, 255, 255]"
pony_1fcc8a68ff874c44a3a31ef090c588f9,scooter,47.47824,-0.60143,2023-08-15 12:20:01.858408+02:00,"[10, 255, 255]"
pony_de47aa61fffa4cfc9c7ea2511e27bd46,scooter,47.4909,-0.56107,2023-08-15 12:20:01.858408+02:00,"[10, 255, 255]"
pony_60a90be69ba94ab783d31e8c2b296d60,scooter,47.47023,-0.54687,2023-08-15 12:20:01.858408+02:00,"[10, 255, 255]"
pony_0eebc48ada9b4298bb482295412dd35e,scooter,47.47091,-0.55172,2023-08-15 12:20:01.858408+02:00,"[10, 255, 255]"
pony_67deb0449b8d414980e7443acc7b1b8c,scooter,47.46032,-0.56823,2023-08-15 12:20:01.858408+02:00,"[10, 255, 255]"
pony_c138e0a90d9b4bb197a96555c70aff94,scooter,47.47915,-0.56445,2023-08-15 12:20:01.858408+02:00,"[10, 255, 255]"
pony_2a783863e5364854bfb57491ff0164bb,scooter,47.4538,-0.54629,2023-08-15 12:20:01.858408+02:00,"[10, 255, 255]"
pony_17efe97904d54b499a1666c51d3e82b6,scooter,47.46755,-0.52516,2023-08-15 12:20:01.858408+02:00,"[10, 255, 255]"
pony_6e48f6d0e8d54982b18e331a5fd5299c,scooter,47.47232,-0.56106,2023-08-15 12:20:01.858408+02:00,"[10, 255, 255]"
pony_338c185361ff42f68b08df5da0227432,scooter,47.47576,-0.58597,2023-08-15 12:20:01.858408+02:00,"[10, 255, 255]"
pony_2f99f8ba4cf242c78c8d53f29ffd8ffd,scooter,47.46392,-0.53051,2023-08-15 12:20:01.858408+02:00,"[10, 255, 255]"
pony_3cf30c608c254771944173484980fc44,scooter,47.47351,-0.54494,2023-08-15 12:20:01.858408+02:00,"[10, 255, 255]"
pony_8138592ae07a4b04ae9f4a578a114653,scooter,47.44837,-0.56404,2023-08-15 12:20:01.858408+02:00,"[10, 255, 255]"
pony_9740f2d8a9a54ef1a6f15e6e49b60df3,scooter,47.44756,-0.50953,2023-08-15 12:20:01.858408+02:00,"[10, 255, 255]"
pony_cea93ac431fc4287b69b523f42ae55c5,scooter,47.4771,-0.55141,2023-08-15 12:20:01.858408+02:00,"[10, 255, 255]"
pony_309720d74bdd4e4f9b0099e4f5f8d146,scooter,47.46709,-0.55242,2023-08-15 12:20:01.858408+02:00,"[10, 255, 255]"
pony_4ae3d167e0554fe6b44b852828c3d32c,scooter,47.43391,-0.52548,2023-08-15 12:20:01.858408+02:00,"[10, 255, 255]"
pony_f30118f90bbf4f9381aeac4afbf37133,scooter,47.47284,-0.57722,2023-08-15 12:20:01.858408+02:00,"[10, 255, 255]"
pony_606fcb09adf54eb6a0ad1e5c0385f77f,scooter,47.461,-0.52905,2023-08-15 12:20:01.858408+02:00,"[10, 255, 255]"
pony_3e58ea6f6c1d46feb87906cd39e8f95b,scooter,47.47889,-0.55721,2023-08-15 12:20:01.858408+02:00,"[10, 255, 255]"
pony_1e1d47df4f7041db804e41ac2d71ba64,scooter,47.46,-0.53722,2023-08-15 12:20:01.858408+02:00,"[10, 255, 255]"
pony_fe1a3f74378344d391e0e2f29e040901,scooter,47.46486,-0.55893,2023-08-15 12:20:01.858408+02:00,"[10, 255, 255]"
pony_be32977a05754d00b74857d2cd608710,scooter,47.47368,-0.54895,2023-08-15 12:20:01.858408+02:00,"[10, 255, 255]"
pony_3ce8a14a77f14962afc3fae426a3dbe0,scooter,47.47369,-0.5846,2023-08-15 12:20:01.858408+02:00,"[10, 255, 255]"
pony_6aab344895544509849565dd9025fe3e,scooter,47.47695,-0.5661,2023-08-15 12:20:01.858408+02:00,"[10, 255, 255]"
pony_25bc31adfe0b41f38e389e6ca3c13e5a,scooter,47.50041,-0.58358,2023-08-15 12:20:01.858408+02:00,"[10, 255, 255]"
pony_ea1c68555cbb4eee8dabfcb842878e9d,scooter,47.44751,-0.50973,2023-08-15 12:20:01.858408+02:00,"[10, 255, 255]"
pony_b4b0a399a28c4c18b1c9fff3466e4389,scooter,47.46309,-0.54948,2023-08-15 12:20:01.858408+02:00,"[10, 255, 255]"
pony_4c5a77a951aa47fbb85c4923901f6821,scooter,47.47235,-0.56123,2023-08-15 12:20:01.858408+02:00,"[10, 255, 255]"
pony_ff40b2f552134daf9fd7bf45d6bb4856,scooter,47.4649,-0.5589,2023-08-15 12:20:01.858408+02:00,"[10, 255, 255]"
pony_95b1ce708b794dfb95bac76f14d26d44,scooter,47.46799,-0.55134,2023-08-15 12:20:01.858408+02:00,"[10, 255, 255]"
pony_38fa2d46ff7446908ac108bfedf0e3e1,scooter,47.44842,-0.56406,2023-08-15 12:20:01.858408+02:00,"[10, 255, 255]"
pony_b879786bb10740a0a7a4da536129179b,scooter,47.45126,-0.54894,2023-08-15 12:20:01.858408+02:00,"[10, 255, 255]"
pony_b849d9970bb04be3b566b8610696923d,scooter,47.46797,-0.55136,2023-08-15 12:20:01.858408+02:00,"[10, 255, 255]"
pony_82ce3cd2b37c4cf882f6ae39be1561a0,scooter,47.48938,-0.54431,2023-08-15 12:20:01.858408+02:00,"[10, 255, 255]"
pony_8b7503da821f46cb8a3e5ddd1fbb1d3a,scooter,47.46593,-0.55932,2023-08-15 12:20:01.858408+02:00,"[10, 255, 255]"
pony_398a2640c1bf4feda9f76955725473e8,scooter,47.46279,-0.55979,2023-08-15 12:20:01.858408+02:00,"[10, 255, 255]"
pony_8dd18593049b4356855196c0dddb90f4,scooter,47.47421,-0.55436,2023-08-15 12:20:01.858408+02:00,"[10, 255, 255]"
pony_fcd41a5cb9ad46ed82a3e186b081d983,scooter,47.46795,-0.55136,2023-08-15 12:20:01.858408+02:00,"[10, 255, 255]"
pony_aabd6a39d4b2490dbfb8312751e1568b,scooter,47.45356,-0.53665,2023-08-15 12:20:01.858408+02:00,"[10, 255, 255]"
pony_05b25be960ba463e8744412dcba1ee03,scooter,47.47133,-0.56808,2023-08-15 12:20:01.858408+02:00,"[10, 255, 255]"
pony_d216e672f8094d05b5253e0e800f2679,scooter,47.48666,-0.56342,2023-08-15 12:20:01.858408+02:00,"[10, 255, 255]"
pony_3683de378168450eaab22121ca70b729,scooter,47.49063,-0.49099,2023-08-15 12:20:01.858408+02:00,"[10, 255, 255]"
pony_0a53f23d97984fcb992fd847286e4691,scooter,47.46518,-0.55569,2023-08-15 12:20:01.858408+02:00,"[10, 255, 255]"
pony_67891e1f7a5f42fcb4e4612979bdc1f2,scooter,47.47313,-0.59651,2023-08-15 12:20:01.858408+02:00,"[10, 255, 255]"
pony_23609a4d2d8748d59caaf0db83d51b32,scooter,47.46741,-0.5591,2023-08-15 12:20:01.858408+02:00,"[10, 255, 255]"
pony_c1b5025ea8884ac6b755beb23a824785,scooter,47.47909,-0.56439,2023-08-15 12:20:01.858408+02:00,"[10, 255, 255]"
pony_435aec8d100a481c881f41c7d4938c85,scooter,47.46802,-0.55132,2023-08-15 12:20:01.858408+02:00,"[10, 255, 255]"
pony_b1e53ddc6be14c699551349635a47152,scooter,47.48671,-0.50458,2023-08-15 12:20:01.858408+02:00,"[10, 255, 255]"
pony_566d2b9e58d74f4fb884092d2d991000,scooter,47.47284,-0.57715,2023-08-15 12:20:01.858408+02:00,"[10, 255, 255]"
pony_f71186e370b24c84946c02ba67e4fee4,scooter,47.47091,-0.55175,2023-08-15 12:20:01.858408+02:00,"[10, 255, 255]"
pony_9faf6bd90c7642c6932f0a0aa915cb09,scooter,47.46451,-0.54836,2023-08-15 12:20:01.858408+02:00,"[10, 255, 255]"
pony_22f4480a2f174f1ca7eeb2bd092f2e38,scooter,47.46484,-0.55894,2023-08-15 12:20:01.858408+02:00,"[10, 255, 255]"
pony_7b7142cfd4c345c2b9029def5f72913f,scooter,47.47902,-0.5643,2023-08-15 12:20:01.858408+02:00,"[10, 255, 255]"
pony_daa53858c16948418627ac1c9a55c513,scooter,47.42491,-0.52544,2023-08-15 12:20:01.858408+02:00,"[10, 255, 255]"
pony_967e68d09bd24c3b994ef90830525670,scooter,47.4651,-0.55577,2023-08-15 12:20:01.858408+02:00,"[10, 255, 255]"
pony_fee0f0bd2cc84bdc83f2ab3b0c03bbd4,scooter,47.51038,-0.59449,2023-08-15 12:20:01.858408+02:00,"[10, 255, 255]"
pony_ee4498313d5a4fc09f1a2dc8aaaa2f26,scooter,47.42493,-0.52545,2023-08-15 12:20:01.858408+02:00,"[10, 255, 255]"
pony_d4cfc029fca24ac9b00f4fa3f8ecaeba,scooter,47.48878,-0.54245,2023-08-15 12:20:01.858408+02:00,"[10, 255, 255]"
pony_9acc312add0a4b00ac4c996a1d1b7273,scooter,47.4791,-0.56451,2023-08-15 12:20:01.858408+02:00,"[10, 255, 255]"
pony_1bc8674d630a4487be0100d4de9b78ad,scooter,47.4651,-0.55705,2023-08-15 12:20:01.858408+02:00,"[10, 255, 255]"
pony_05da6310b4534115a4466aafc498b111,scooter,47.47544,-0.57119,2023-08-15 12:20:01.858408+02:00,"[10, 255, 255]"
pony_735a0c7042fe4d6689b5d65b36ccd871,scooter,47.47009,-0.54951,2023-08-15 12:20:01.858408+02:00,"[10, 255, 255]"
pony_864293eb6d1c421da5c2f37b575fa35d,scooter,47.47842,-0.5564,2023-08-15 12:20:01.858408+02:00,"[10, 255, 255]"
pony_76d4489e63b14fe7a13a4ace0d5dc3b8,scooter,47.4873,-0.5354,2023-08-15 12:20:01.858408+02:00,"[10, 255, 255]"
pony_f1381b48423e45cdb58672be8519387e,scooter,47.42494,-0.52539,2023-08-15 12:20:01.858408+02:00,"[10, 255, 255]"
pony_1834e5009ab24a7ca7312c2955bbb87b,scooter,47.48473,-0.62554,2023-08-15 12:20:01.858408+02:00,"[10, 255, 255]"
pony_aa2f570d116647d98d06b21b7abe3d71,scooter,47.47857,-0.59836,2023-08-15 12:20:01.858408+02:00,"[10, 255, 255]"
pony_b6d2f2df82084637ae612d0659d6d189,scooter,47.46986,-0.54766,2023-08-15 12:20:01.858408+02:00,"[10, 255, 255]"
pony_a8c1728b734e483ca50017e7c32efb48,scooter,47.46795,-0.55134,2023-08-15 12:20:01.858408+02:00,"[10, 255, 255]"
pony_4be82cddd5c94dc4baef54e78f4176d5,scooter,47.48082,-0.56406,2023-08-15 12:20:01.858408+02:00,"[10, 255, 255]"
pony_c7d856f938884035adbd9d9b5f31ee29,scooter,47.48911,-0.54366,2023-08-15 12:20:01.858408+02:00,"[10, 255, 255]"
pony_7942a146048e4818bfe873682f3b3bbc,scooter,47.47123,-0.51554,2023-08-15 12:20:01.858408+02:00,"[10, 255, 255]"
pony_b4f601e308d44cd8aa7d388dd25d9590,scooter,47.47909,-0.56436,2023-08-15 12:20:01.858408+02:00,"[10, 255, 255]"
pony_d22590ba69ce4ccdbcd9410cbd0ecffb,scooter,47.46065,-0.49269,2023-08-15 12:20:01.858408+02:00,"[10, 255, 255]"
pony_c47bcbb3d7e048ce852d789b22cc164c,scooter,47.45296,-0.55403,2023-08-15 12:20:01.858408+02:00,"[10, 255, 255]"
pony_541d3e06107d48c0a243af61a3e56744,scooter,47.47843,-0.58464,2023-08-15 12:20:01.858408+02:00,"[10, 255, 255]"
pony_154c67013feb4bd09c88a5c45b26bc38,scooter,47.47233,-0.55737,2023-08-15 12:20:01.858408+02:00,"[10, 255, 255]"
pony_c766678337cc42abab80fbe09860fac9,scooter,47.46487,-0.55725,2023-08-15 12:20:01.858408+02:00,"[10, 255, 255]"
pony_1e33bf7a07d54d95a4ed8c0a42810392,scooter,47.46202,-0.56696,2023-08-15 12:20:01.858408+02:00,"[10, 255, 255]"
pony_66ddf047329b4eed9d6490eb9ad9f129,scooter,47.47094,-0.55169,2023-08-15 12:20:01.858408+02:00,"[10, 255, 255]"
pony_d4429750a45741d594607e3d03bb8642,scooter,47.45965,-0.52911,2023-08-15 12:20:01.858408+02:00,"[10, 255, 255]"
pony_8707cb91b7c1428da2bdcbec09c747fc,scooter,47.46469,-0.557,2023-08-15 12:20:01.858408+02:00,"[10, 255, 255]"
pony_c709012b37364558b2e674237a9a9b9d,scooter,47.47235,-0.55739,2023-08-15 12:20:01.858408+02:00,"[10, 255, 255]"
pony_31b393c1d290444cb2ead5b86d2c658f,scooter,47.46504,-0.55701,2023-08-15 12:20:01.858408+02:00,"[10, 255, 255]"
pony_dd9ffcefb8484995b509571e1e8aa13a,scooter,47.46481,-0.55737,2023-08-15 12:20:01.858408+02:00,"[10, 255, 255]"
pony_68ce9af41f0444d7bb0a398eea03a591,scooter,47.46971,-0.55806,2023-08-15 12:20:01.858408+02:00,"[10, 255, 255]"
pony_5a4521ed6daa4f8192fd448af33caa31,scooter,47.4809,-0.56405,2023-08-15 12:20:01.858408+02:00,"[10, 255, 255]"
pony_4003611d9f574c9181a1eef6ca928a56,scooter,47.47912,-0.56445,2023-08-15 12:20:01.858408+02:00,"[10, 255, 255]"
pony_335d11d0d142432db81ea7f59d114325,scooter,47.46838,-0.55817,2023-08-15 12:20:01.858408+02:00,"[10, 255, 255]"
pony_1998af8d85fe4281aa725abd4a36060f,scooter,47.48666,-0.50454,2023-08-15 12:20:01.858408+02:00,"[10, 255, 255]"
pony_1032a201c4164fefa04fc5a46bb0ac8b,scooter,47.47524,-0.52863,2023-08-15 12:20:01.858408+02:00,"[10, 255, 255]"
pony_0a32366db3f846559040db4a5e138a5f,scooter,47.47572,-0.59413,2023-08-15 12:20:01.858408+02:00,"[10, 255, 255]"
pony_d1643b58871a4ff794dc04df54e246e9,scooter,47.44931,-0.56228,2023-08-15 12:20:01.858408+02:00,"[10, 255, 255]"
pony_f2f24ac0ca884182a8b12dfefa5e4193,scooter,47.47165,-0.55417,2023-08-15 12:20:01.858408+02:00,"[10, 255, 255]"
pony_62d031cb76104b52919c9089224dc602,scooter,47.47781,-0.57667,2023-08-15 12:20:01.858408+02:00,"[10, 255, 255]"
pony_461f8ffc20c149908898c9394965b928,scooter,47.44406,-0.55887,2023-08-15 12:20:01.858408+02:00,"[10, 255, 255]"
pony_d0091e88f0ea4517b51e5bf5cf1fb198,scooter,47.45813,-0.56382,2023-08-15 12:20:01.858408+02:00,"[10, 255, 255]"
pony_7f46028bd40542b8b678eba44ec47857,scooter,47.48802,-0.54449,2023-08-15 12:20:01.858408+02:00,"[10, 255, 255]"
pony_089e2f4e78eb4067889bfdd7984a5ae2,scooter,47.47865,-0.56053,2023-08-15 12:20:01.858408+02:00,"[10, 255, 255]"
pony_4081375811a2445a9136e0c80c5ae008,scooter,47.47226,-0.5574,2023-08-15 12:20:01.858408+02:00,"[10, 255, 255]"
pony_66e1001690d84ee69ad08f52ca1288a3,scooter,47.42494,-0.52544,2023-08-15 12:20:01.858408+02:00,"[10, 255, 255]"
pony_227846d67fa54d85a0e01eadaea3d82a,scooter,47.48202,-0.55883,2023-08-15 12:20:01.858408+02:00,"[10, 255, 255]"
pony_5352bcfb8eac4054b26f52d0d90758e3,scooter,47.46473,-0.557,2023-08-15 12:20:01.858408+02:00,"[10, 255, 255]"
pony_ad00c4f294cf498fa0a1e6a92c37dcaa,scooter,47.47741,-0.57555,2023-08-15 12:20:01.858408+02:00,"[10, 255, 255]"
pony_e57334650f8247beadb9be455310baa6,scooter,47.44544,-0.54684,2023-08-15 12:20:01.858408+02:00,"[10, 255, 255]"
pony_4c50aa7d2bc74ab08d66401bbc66b083,scooter,47.46674,-0.55422,2023-08-15 12:20:01.858408+02:00,"[10, 255, 255]"
pony_5930be8ed0784de092d404eee0508473,scooter,47.49332,-0.56672,2023-08-15 12:20:01.858408+02:00,"[10, 255, 255]"
pony_ddbb0ef8fc9f47949a8a7312c2f16c61,scooter,47.4731,-0.5623,2023-08-15 12:20:01.858408+02:00,"[10, 255, 255]"
pony_e9001c4839b2494e9f3659cba4a4adaa,scooter,47.48409,-0.55956,2023-08-15 12:20:01.858408+02:00,"[10, 255, 255]"
pony_8ed4d73c340441e788c19a70f93dc5d6,scooter,47.46979,-0.54769,2023-08-15 12:20:01.858408+02:00,"[10, 255, 255]"
pony_b9129d3784e04ed79e0636fd5461d082,scooter,47.47249,-0.60489,2023-08-15 12:20:01.858408+02:00,"[10, 255, 255]"
pony_3e55e85be78e4cedb9e180929d2d9f1d,scooter,47.46614,-0.59851,2023-08-15 12:20:01.858408+02:00,"[10, 255, 255]"
pony_86ba3286ab0647819f9a1f1bb30f49e0,scooter,47.48463,-0.5525,2023-08-15 12:20:01.858408+02:00,"[10, 255, 255]"
pony_45ac802823614ffeac38af2657b96720,scooter,47.48382,-0.62847,2023-08-15 12:20:01.858408+02:00,"[10, 255, 255]"
pony_34ca7f3fc8e84b5293e88ea60754d3d9,scooter,47.47736,-0.55937,2023-08-15 12:20:01.858408+02:00,"[10, 255, 255]"
pony_acf86ad1897946a68d705ab1e9708d4b,scooter,47.47087,-0.55169,2023-08-15 12:20:01.858408+02:00,"[10, 255, 255]"
pony_892dd395495f46e390de53af7222c660,scooter,47.47276,-0.62409,2023-08-15 12:20:01.858408+02:00,"[10, 255, 255]"
pony_236bc8a4396f43f29f17d74a562f2b1c,scooter,47.48107,-0.57569,2023-08-15 12:20:01.858408+02:00,"[10, 255, 255]"
pony_cd5da8b2bdfc4b8bbf77c5732bccb089,scooter,47.46984,-0.5477,2023-08-15 12:20:01.858408+02:00,"[10, 255, 255]"
pony_d4510a0706c9418dac47ade9797240b0,scooter,47.46688,-0.53005,2023-08-15 12:20:01.858408+02:00,"[10, 255, 255]"
pony_3244f2608e8245e8868e9a951b00a872,scooter,47.48899,-0.57452,2023-08-15 12:20:01.858408+02:00,"[10, 255, 255]"
pony_885199087bb9406abd4a1e7524004f03,scooter,47.47864,-0.5332,2023-08-15 12:20:01.858408+02:00,"[10, 255, 255]"
pony_2f91688069c24f748ff3dcb4101fc5b0,scooter,47.42395,-0.56278,2023-08-15 12:20:01.858408+02:00,"[10, 255, 255]"
pony_b820ab089b6542c097ec7708e3c4b91f,scooter,47.47465,-0.63039,2023-08-15 12:20:01.858408+02:00,"[10, 255, 255]"
pony_59d7cf2c6df3440f94091e134d6d756e,scooter,47.48095,-0.5369,2023-08-15 12:20:01.858408+02:00,"[10, 255, 255]"
pony_3eb793f50eab47958f835e8839fb09e3,scooter,47.48912,-0.54363,2023-08-15 12:20:01.858408+02:00,"[10, 255, 255]"
pony_834716233ee14889a1826b40466c603f,scooter,47.46856,-0.55911,2023-08-15 12:20:01.858408+02:00,"[10, 255, 255]"
pony_fd1853a137d544fca7d9dc8ffe2f297a,scooter,47.46384,-0.53078,2023-08-15 12:20:01.858408+02:00,"[10, 255, 255]"
pony_2f9c91641a044f76bcbad378cc2fb617,scooter,47.51086,-0.58491,2023-08-15 12:20:01.858408+02:00,"[10, 255, 255]"
pony_d852a2232ce841ceb4efc2c9ce78d243,scooter,47.46277,-0.55978,2023-08-15 12:20:01.858408+02:00,"[10, 255, 255]"
pony_4aa00a2513e84400abb3be5459183699,scooter,47.47751,-0.5416,2023-08-15 12:20:01.858408+02:00,"[10, 255, 255]"
pony_22e5930b18ed41569b078e39e2dbd4eb,scooter,47.46983,-0.54767,2023-08-15 12:20:01.858408+02:00,"[10, 255, 255]"
pony_e8eb6e19be6449bf9107e4d0eebce88e,scooter,47.48799,-0.54453,2023-08-15 12:20:01.858408+02:00,"[10, 255, 255]"
pony_16c14738b1f8423eb390bfff437add72,scooter,47.47429,-0.5154,2023-08-15 12:20:01.858408+02:00,"[10, 255, 255]"
pony_a4e68ec4150245c3b15aa1ef7d2aed40,scooter,47.42866,-0.52785,2023-08-15 12:20:01.858408+02:00,"[10, 255, 255]"
pony_ac471be36e4545cf873f1a6da71789bd,scooter,47.49077,-0.56194,2023-08-15 12:20:01.858408+02:00,"[10, 255, 255]"
pony_e7e2439ebb254473aa963ed2c37c0782,scooter,47.46869,-0.62018,2023-08-15 12:20:01.858408+02:00,"[10, 255, 255]"
pony_95b71b9b18d544ea81535a8a8af83ceb,scooter,47.46142,-0.59701,2023-08-15 12:20:01.858408+02:00,"[10, 255, 255]"
pony_ba45113e641f41a9b853ef57aa4854dc,scooter,47.48569,-0.62597,2023-08-15 12:20:01.858408+02:00,"[10, 255, 255]"
pony_48370fbbb7c445d0b0870f24ab8e187a,scooter,47.4755,-0.55887,2023-08-15 12:20:01.858408+02:00,"[10, 255, 255]"
pony_33f018c8be204a94b8eb70a73a159f33,scooter,47.47889,-0.55716,2023-08-15 12:20:01.858408+02:00,"[10, 255, 255]"
pony_d336b25eaf2b4644b4c2e1ddaedab3d0,scooter,47.42521,-0.56405,2023-08-15 12:20:01.858408+02:00,"[10, 255, 255]"
pony_b621617ef9e14cbb8305fb68e209f142,scooter,47.474,-0.5485,2023-08-15 12:20:01.858408+02:00,"[10, 255, 255]"
pony_e9b5eb764fbd498fb10be0487a492644,scooter,47.44566,-0.53799,2023-08-15 12:20:01.858408+02:00,"[10, 255, 255]"
pony_5b6041dd6b244b4093d71a8af99e62ce,scooter,47.46986,-0.54768,2023-08-15 12:20:01.858408+02:00,"[10, 255, 255]"
pony_0290b4d219384ec09348d32129acbe76,scooter,47.45652,-0.51005,2023-08-15 12:20:01.858408+02:00,"[10, 255, 255]"
pony_94cdae30435c41be8a38de1d9ec61fcf,scooter,47.45535,-0.53489,2023-08-15 12:20:01.858408+02:00,"[10, 255, 255]"
pony_03ccb6c2322b4444aee21d2c36434018,scooter,47.47145,-0.52804,2023-08-15 12:20:01.858408+02:00,"[10, 255, 255]"
pony_64d90b271b4a4a2aa86685b693603e34,scooter,47.49166,-0.55397,2023-08-15 12:20:01.858408+02:00,"[10, 255, 255]"
pony_731d5a336c9649768ee8b7bd0d6144a8,scooter,47.47408,-0.55986,2023-08-15 12:20:01.858408+02:00,"[10, 255, 255]"
pony_9a9e27bdb0574c4d93c7db61c3325e1c,scooter,47.4651,-0.54876,2023-08-15 12:20:01.858408+02:00,"[10, 255, 255]"
pony_94494570c4d3498bb16973ae27d45865,scooter,47.47089,-0.54813,2023-08-15 12:20:01.858408+02:00,"[10, 255, 255]"
pony_76cdbfa2251a49409c782a0cba931486,scooter,47.48688,-0.5732,2023-08-15 12:20:01.858408+02:00,"[10, 255, 255]"
pony_0d572ece1323487db8e2b840e63bae7a,scooter,47.47835,-0.53835,2023-08-15 12:20:01.858408+02:00,"[10, 255, 255]"
pony_767836a8e2554c2087d583448c2db44a,scooter,47.45582,-0.55116,2023-08-15 12:20:01.858408+02:00,"[10, 255, 255]"
pony_b3fa17b503e74b1888b00e8726267f97,scooter,47.48353,-0.57448,2023-08-15 12:20:01.858408+02:00,"[10, 255, 255]"
pony_751490a4699f4ccc9b76ad211044c3d9,scooter,47.48403,-0.51564,2023-08-15 12:20:01.858408+02:00,"[10, 255, 255]"
pony_9ff442b1b6d1474a83417fde932e49f2,scooter,47.47405,-0.55991,2023-08-15 12:20:01.858408+02:00,"[10, 255, 255]"
pony_5e75ca9661274a83845f3fd417ecc955,scooter,47.47461,-0.52941,2023-08-15 12:20:01.858408+02:00,"[10, 255, 255]"
pony_96a084d3d44d48f4b20fde01f9533e13,scooter,47.47522,-0.55883,2023-08-15 12:20:01.858408+02:00,"[10, 255, 255]"
pony_0bc3b5e96e0c43f99ec3f92dcddd294e,scooter,47.49092,-0.56197,2023-08-15 12:20:01.858408+02:00,"[10, 255, 255]"
pony_d9a212e0b3404b61909ba09d1f4348fb,scooter,47.46114,-0.53439,2023-08-15 12:20:01.858408+02:00,"[10, 255, 255]"
pony_44a3068af05e4cd6a090ec34662d8da1,scooter,47.48463,-0.58424,2023-08-15 12:20:01.858408+02:00,"[10, 255, 255]"
pony_a3437b22ae2148f78d6004f2821447dc,scooter,47.47376,-0.58665,2023-08-15 12:20:01.858408+02:00,"[10, 255, 255]"
pony_dc9f1aa359e444a288be02e272021a5b,scooter,47.49262,-0.50182,2023-08-15 12:20:01.858408+02:00,"[10, 255, 255]"
pony_01cd877802614cbb8e1fa0484918ea59,scooter,47.46457,-0.56599,2023-08-15 12:20:01.858408+02:00,"[10, 255, 255]"
pony_dbf50b83e95247a398d12b4acc711db5,scooter,47.4717,-0.51158,2023-08-15 12:20:01.858408+02:00,"[10, 255, 255]"
pony_9209748bd1aa4116b9733124e5eac15c,scooter,47.46191,-0.53953,2023-08-15 12:20:01.858408+02:00,"[10, 255, 255]"
pony_71f846cc6972479f9428a0b9cde64e5d,scooter,47.44998,-0.50435,2023-08-15 12:20:01.858408+02:00,"[10, 255, 255]"
pony_6007aabbd2d347a28d071a426219b2c2,scooter,47.44752,-0.50967,2023-08-15 12:20:01.858408+02:00,"[10, 255, 255]"
pony_ee82d0cbbc64410b897982d6ff765533,scooter,47.46986,-0.54769,2023-08-15 12:20:01.858408+02:00,"[10, 255, 255]"
pony_c17ecb6a81cd4645aa9f7923153afa88,scooter,47.47232,-0.55737,2023-08-15 12:20:01.858408+02:00,"[10, 255, 255]"
pony_21f0b80ccf0a4746bb9912e7a83bedd6,scooter,47.47495,-0.52778,2023-08-15 12:20:01.858408+02:00,"[10, 255, 255]"
pony_096d962b20114f4fa0858759c4d23471,scooter,47.46203,-0.56229,2023-08-15 12:20:01.858408+02:00,"[10, 255, 255]"
pony_0689ef711bbc4218a9e233507e9e55d1,scooter,47.47231,-0.55736,2023-08-15 12:20:01.858408+02:00,"[10, 255, 255]"
pony_feb294c27fa547ee8e930c2bb7bb1624,scooter,47.47549,-0.57136,2023-08-15 12:20:01.858408+02:00,"[10, 255, 255]"
pony_476721ca7df24345b937467bc56409fd,scooter,47.45511,-0.52946,2023-08-15 12:20:01.858408+02:00,"[10, 255, 255]"
pony_a8c7ca256b004b51870517909d372e6a,scooter,47.46486,-0.55903,2023-08-15 12:20:01.858408+02:00,"[10, 255, 255]"
pony_a6f186491c12485b81f00a3b55f3b3f0,scooter,47.47073,-0.58585,2023-08-15 12:20:01.858408+02:00,"[10, 255, 255]"
pony_4bef549b63da42fabb27b1154a56ecb1,scooter,47.4649,-0.55737,2023-08-15 12:20:01.858408+02:00,"[10, 255, 255]"
pony_539b2cf5025549e4b8f8ef444e9ef5d7,scooter,47.46476,-0.557,2023-08-15 12:20:01.858408+02:00,"[10, 255, 255]"
pony_5ce72c371c9e4820b3f18ec1df9ec79f,scooter,47.44405,-0.55879,2023-08-15 12:20:01.858408+02:00,"[10, 255, 255]"
pony_9a6249a5d9f746fc930b018d430d9583,scooter,47.46857,-0.52655,2023-08-15 12:20:01.858408+02:00,"[10, 255, 255]"
pony_0d7016bbc17e4a8dbcac35ff5620797b,scooter,47.4571,-0.55418,2023-08-15 12:20:01.858408+02:00,"[10, 255, 255]"
pony_3771f38d22be49b78c637ef9acf7baec,scooter,47.47893,-0.56511,2023-08-15 12:20:01.858408+02:00,"[10, 255, 255]"
pony_cf9939535c2d4e57b7f76da59ab40ff8,scooter,47.48915,-0.54085,2023-08-15 12:20:01.858408+02:00,"[10, 255, 255]"
pony_6fa28a1d7d3a46d783654ff9156b57f5,scooter,47.49109,-0.55683,2023-08-15 12:20:01.858408+02:00,"[10, 255, 255]"
pony_f3a061f0c6154850ac142bb916f24f99,scooter,47.43655,-0.51487,2023-08-15 12:20:01.858408+02:00,"[10, 255, 255]"
pony_53c6c61e1c5840809188adda843af8c6,scooter,47.49265,-0.56581,2023-08-15 12:20:01.858408+02:00,"[10, 255, 255]"
pony_c3316a8cd896469f9031ec026e763603,scooter,47.46889,-0.56278,2023-08-15 12:20:01.858408+02:00,"[10, 255, 255]"
pony_6d766c0d446e45248cec43a1314e9d93,scooter,47.45824,-0.56378,2023-08-15 12:20:01.858408+02:00,"[10, 255, 255]"
pony_4ad46e0c20e14eaab634632e19482035,scooter,47.45218,-0.56625,2023-08-15 12:20:01.858408+02:00,"[10, 255, 255]"
pony_7aaa55837c994908b3be9d87208176b3,scooter,47.47236,-0.55734,2023-08-15 12:20:01.858408+02:00,"[10, 255, 255]"
pony_43f4cdd0036b4bf8a27c959f5c515c5d,scooter,47.46979,-0.54768,2023-08-15 12:20:01.858408+02:00,"[10, 255, 255]"
pony_a5288ae4be5d4ea291a71c8f6e5471cb,scooter,47.46659,-0.52785,2023-08-15 12:20:01.858408+02:00,"[10, 255, 255]"
pony_44fbd92a693e4c06b6b345c3aa13cb83,scooter,47.49163,-0.55384,2023-08-15 12:20:01.858408+02:00,"[10, 255, 255]"
pony_e60a962670d84ddda330897ef61e4126,scooter,47.47803,-0.56724,2023-08-15 12:20:01.858408+02:00,"[10, 255, 255]"
pony_0689cc98c6e94e0485d2f23cacc86e70,scooter,47.4687,-0.62016,2023-08-15 12:20:01.858408+02:00,"[10, 255, 255]"
pony_47735d49408b4f6183f5c641c5e75c21,scooter,47.46103,-0.48452,2023-08-15 12:20:01.858408+02:00,"[10, 255, 255]"
pony_9e06018467e245aca21e5b34802a024e,scooter,47.46311,-0.53028,2023-08-15 12:20:01.858408+02:00,"[10, 255, 255]"
pony_3f503ce8061c4456859fc1d3d68edbb9,scooter,47.4699,-0.54768,2023-08-15 12:20:01.858408+02:00,"[10, 255, 255]"
pony_010e900acdb7475d9a75afdd6264610b,scooter,47.46165,-0.56183,2023-08-15 12:20:01.858408+02:00,"[10, 255, 255]"
pony_1322b83420e14a17b03753d911b3779d,scooter,47.47071,-0.6061,2023-08-15 12:20:01.858408+02:00,"[10, 255, 255]"
pony_cbc60dea3a3941bb8f41b25bf198e3b2,scooter,47.47236,-0.55734,2023-08-15 12:20:01.858408+02:00,"[10, 255, 255]"
pony_32f6682ba7d54c1c98c5849af2bd6f59,scooter,47.44115,-0.49078,2023-08-15 12:20:01.858408+02:00,"[10, 255, 255]"
pony_5ad7775839bf4c9e955e24b872b24de1,scooter,47.4672,-0.55242,2023-08-15 12:20:01.858408+02:00,"[10, 255, 255]"
pony_470f9872782545eab7323c9298d7aae0,scooter,47.48925,-0.57477,2023-08-15 12:20:01.858408+02:00,"[10, 255, 255]"
pony_bc4b475a3a2645c58fdcfb5aa9a77371,scooter,47.45532,-0.53465,2023-08-15 12:20:01.858408+02:00,"[10, 255, 255]"
pony_45080cd15b1b4c9d85ee4eb4b0acdd37,scooter,47.47542,-0.55889,2023-08-15 12:20:01.858408+02:00,"[10, 255, 255]"
pony_9eada644e9cb4c95ac14925d43fa9f62,scooter,47.49008,-0.55861,2023-08-15 12:20:01.858408+02:00,"[10, 255, 255]"
pony_d1e4f2bea01f43fc89d5b16b7dcdd314,scooter,47.48503,-0.53382,2023-08-15 12:20:01.858408+02:00,"[10, 255, 255]"
pony_921d764cad794dd28295a51a2bb8bc39,scooter,47.51038,-0.59446,2023-08-15 12:20:01.858408+02:00,"[10, 255, 255]"
pony_a4a56e0fd8ea4460aa4d8631b9aa9a93,scooter,47.47085,-0.55172,2023-08-15 12:20:01.858408+02:00,"[10, 255, 255]"
pony_e3bbee03618d4c31874a6bdcc4e26b73,scooter,47.4809,-0.53674,2023-08-15 12:20:01.858408+02:00,"[10, 255, 255]"
pony_235b11c997704ace8c272e204780fed7,scooter,47.46106,-0.48449,2023-08-15 12:20:01.858408+02:00,"[10, 255, 255]"
pony_3771648c8fba4db7b0e7bdb4c3e9c9d6,scooter,47.48921,-0.57475,2023-08-15 12:20:01.858408+02:00,"[10, 255, 255]"
pony_e96cbd7ebebb4fcc99860b3d50795083,scooter,47.46988,-0.54767,2023-08-15 12:20:01.858408+02:00,"[10, 255, 255]"
pony_0d363784c3094ce5856d4bee3a6e928b,scooter,47.46472,-0.557,2023-08-15 12:20:01.858408+02:00,"[10, 255, 255]"
pony_6f2ccd158ac141239678ab15819403b5,scooter,47.47454,-0.59211,2023-08-15 12:20:01.858408+02:00,"[10, 255, 255]"
pony_bfb7b9ac3b8e4b93a0f4201c02dcf397,scooter,47.46872,-0.62016,2023-08-15 12:20:01.858408+02:00,"[10, 255, 255]"
pony_01437cdce582461a9c0f25b42f04dbf0,scooter,47.48873,-0.54236,2023-08-15 12:20:01.858408+02:00,"[10, 255, 255]"
pony_29fbf0bdc1e1496ea038bb76138eb5a2,scooter,47.46985,-0.54765,2023-08-15 12:20:01.858408+02:00,"[10, 255, 255]"
pony_4944e4216ac042c490acbfe1125c4c28,scooter,47.46423,-0.55937,2023-08-15 12:20:01.858408+02:00,"[10, 255, 255]"
pony_a451e863f87e45008a5d42f79c1b0fee,scooter,47.47081,-0.55167,2023-08-15 12:20:01.858408+02:00,"[10, 255, 255]"
pony_461948feb0bc42888c8275c6d36e7324,scooter,47.47237,-0.56122,2023-08-15 12:20:01.858408+02:00,"[10, 255, 255]"
pony_47d347a4516549ee8494b0e4f549e304,scooter,47.45953,-0.54888,2023-08-15 12:20:01.858408+02:00,"[10, 255, 255]"
pony_2076929c9f6e445b9f45284f08702375,scooter,47.48389,-0.62848,2023-08-15 12:20:01.858408+02:00,"[10, 255, 255]"
pony_0f1e9d12e3714544a8f3e66834f8d7c0,scooter,47.46265,-0.54048,2023-08-15 12:20:01.858408+02:00,"[10, 255, 255]"
pony_a1c1b4ae564f4cb888403a6eaeee89ed,scooter,47.45616,-0.54351,2023-08-15 12:20:01.858408+02:00,"[10, 255, 255]"
pony_091c02cb8eda4f669e262a67248d6d46,scooter,47.45165,-0.52803,2023-08-15 12:20:01.858408+02:00,"[10, 255, 255]"
pony_39d8676d153940e080738ea82b94f2ca,scooter,47.47234,-0.55737,2023-08-15 12:20:01.858408+02:00,"[10, 255, 255]"
pony_41d6c6018a4e442daaef241f386e723a,scooter,47.43649,-0.51472,2023-08-15 12:20:01.858408+02:00,"[10, 255, 255]"
pony_c14763890877495cb5b26784a8c7fdca,scooter,47.47232,-0.55735,2023-08-15 12:20:01.858408+02:00,"[10, 255, 255]"
pony_7c5c7250266648ffae1e4352bb1f0e11,scooter,47.46503,-0.55694,2023-08-15 12:20:01.858408+02:00,"[10, 255, 255]"
pony_0a82b71757ca4bc0af6dc98f0a004bf3,scooter,47.47729,-0.57546,2023-08-15 12:20:01.858408+02:00,"[10, 255, 255]"
pony_5f7b86f0077148d790cc1df1265c0864,scooter,47.45531,-0.5493,2023-08-15 12:20:01.858408+02:00,"[10, 255, 255]"
pony_543de09e87ee4aa19ec1585ef0651c4e,scooter,47.44542,-0.54677,2023-08-15 12:20:01.858408+02:00,"[10, 255, 255]"
pony_31c52560e6d74d57b395c49382d76d7c,scooter,47.44754,-0.50973,2023-08-15 12:20:01.858408+02:00,"[10, 255, 255]"
pony_3fda0aa3727643a19ab99e388e08bffb,scooter,47.48891,-0.56268,2023-08-15 12:20:01.858408+02:00,"[10, 255, 255]"
pony_65ac42db2b194cc583225b3fd21c7368,scooter,47.49513,-0.58728,2023-08-15 12:20:01.858408+02:00,"[10, 255, 255]"
pony_08b7fa8724ee4e158967f9dd0c430a28,scooter,47.47681,-0.59821,2023-08-15 12:20:01.858408+02:00,"[10, 255, 255]"
pony_1421b9a4a15f4a3cb639293dafe98063,scooter,47.475,-0.60861,2023-08-15 12:20:01.858408+02:00,"[10, 255, 255]"
pony_dbd5d2f9a5eb424fa574a85eaec29332,scooter,47.47908,-0.58733,2023-08-15 12:20:01.858408+02:00,"[10, 255, 255]"
pony_57be2ceb412843faac81db9082c46eb7,scooter,47.49958,-0.49037,2023-08-15 12:20:01.858408+02:00,"[10, 255, 255]"
pony_32d58eb6a5c54ba58a2841536c6dacc3,scooter,47.47542,-0.55872,2023-08-15 12:20:01.858408+02:00,"[10, 255, 255]"
pony_d85f5d02cb0b4bf49e0762eade69a62e,scooter,47.47929,-0.56323,2023-08-15 12:20:01.858408+02:00,"[10, 255, 255]"
pony_a6326acb572b40e49d740569953d090b,scooter,47.46717,-0.49519,2023-08-15 12:20:01.858408+02:00,"[10, 255, 255]"
pony_1e293b7b280943379d3b62307b5ba569,scooter,47.45463,-0.55693,2023-08-15 12:20:01.858408+02:00,"[10, 255, 255]"
pony_d4226df1d59a48658d49c7a3833772db,scooter,47.46479,-0.55703,2023-08-15 12:20:01.858408+02:00,"[10, 255, 255]"
pony_c4f4c435c088463e872d716c06bc790a,scooter,47.48908,-0.54366,2023-08-15 12:20:01.858408+02:00,"[10, 255, 255]"
pony_71ec0dcef90449f8a7b747ed31de2a48,scooter,47.42541,-0.55625,2023-08-15 12:20:01.858408+02:00,"[10, 255, 255]"
pony_4d6b1b949d8849cc9f486675256738f9,scooter,47.45517,-0.55359,2023-08-15 12:20:01.858408+02:00,"[10, 255, 255]"
pony_bc81692cac7d4c2abd08327e91fe6ed4,scooter,47.46981,-0.54769,2023-08-15 12:20:01.858408+02:00,"[10, 255, 255]"
pony_86b095ee011a4d5fa73cac802cc94546,scooter,47.4873,-0.53471,2023-08-15 12:20:01.858408+02:00,"[10, 255, 255]"
pony_b34d2bf4871d4c20b865a703fcb50982,scooter,47.48983,-0.55705,2023-08-15 12:20:01.858408+02:00,"[10, 255, 255]"
pony_ca7cbeff5a1f4e569e0413c1842c7453,scooter,47.44814,-0.55535,2023-08-15 12:20:01.858408+02:00,"[10, 255, 255]"
pony_2f1cd75b0ee742948c19db0af3db13b4,scooter,47.47859,-0.53319,2023-08-15 12:20:01.858408+02:00,"[10, 255, 255]"
pony_191513abd55c453c882a1308fcfcff6e,scooter,47.47851,-0.5698,2023-08-15 12:20:01.858408+02:00,"[10, 255, 255]"
pony_d6992b55c3f74afb94d10528ef2debf7,scooter,47.46801,-0.55133,2023-08-15 12:20:01.858408+02:00,"[10, 255, 255]"
pony_a76ade325955494ca9a93890249f41ad,scooter,47.45842,-0.55412,2023-08-15 12:20:01.858408+02:00,"[10, 255, 255]"
pony_26df7d70c52243129f611d05e737fe5b,scooter,47.44517,-0.50215,2023-08-15 12:20:01.858408+02:00,"[10, 255, 255]"
pony_96dbb1c63f7c4003a2baaad08d3d89fa,scooter,47.45904,-0.55289,2023-08-15 12:20:01.858408+02:00,"[10, 255, 255]"
pony_35cbfa92ae2c458a8d07446a79a788df,scooter,47.43392,-0.52555,2023-08-15 12:20:01.858408+02:00,"[10, 255, 255]"
pony_8fab8002c6f14f4c8e3953dabe2f3296,scooter,47.46434,-0.5313,2023-08-15 12:20:01.858408+02:00,"[10, 255, 255]"
pony_825ed2e6b02f4880ab833c04b83dc172,scooter,47.46993,-0.56148,2023-08-15 12:20:01.858408+02:00,"[10, 255, 255]"
pony_32645eb2141c471daabeadc462b25a28,scooter,47.4686,-0.55911,2023-08-15 12:20:01.858408+02:00,"[10, 255, 255]"
pony_d1e6909d67f344e9a4557569bb12a65c,scooter,47.4437,-0.50214,2023-08-15 12:20:01.858408+02:00,"[10, 255, 255]"
pony_584dc6b5dac04950beb71264e22688b5,scooter,47.49922,-0.58251,2023-08-15 12:20:01.858408+02:00,"[10, 255, 255]"
pony_bcbec3bcf37941f78930307df94184c7,scooter,47.48554,-0.55357,2023-08-15 12:20:01.858408+02:00,"[10, 255, 255]"
pony_bf05ce4f5a2d4efc9ab5236436f9c4b5,scooter,47.48447,-0.52757,2023-08-15 12:20:01.858408+02:00,"[10, 255, 255]"
pony_70f4a894c8664a0a9f14014e62286b59,scooter,47.46794,-0.55139,2023-08-15 12:20:01.858408+02:00,"[10, 255, 255]"
pony_66ed11df2b2d4da1a906e154f6672559,scooter,47.44955,-0.54438,2023-08-15 12:20:01.858408+02:00,"[10, 255, 255]"
pony_a1ff37d4b80344d28b387c4d8c3494ae,scooter,47.49495,-0.57497,2023-08-15 12:20:01.858408+02:00,"[10, 255, 255]"
pony_4dda01da7e1b4f9e873f2b29dce16a1c,scooter,47.47429,-0.51543,2023-08-15 12:20:01.858408+02:00,"[10, 255, 255]"
pony_a18adbdb20d84ed294af719b537142a4,scooter,47.46459,-0.55914,2023-08-15 12:20:01.858408+02:00,"[10, 255, 255]"
pony_2d5a28c8f0e240f19c0c41bf208c9b90,bike,47.47525,-0.55896,2023-08-15 12:20:01.858408+02:00,"[10, 255, 255]"
pony_2395195c333740b8a52cceecfa63ece7,bike,47.48791,-0.55903,2023-08-15 12:20:01.858408+02:00,"[10, 255, 255]"
pony_2f904881f9ed49fabe33fd9f6426451b,bike,47.47162,-0.55191,2023-08-15 12:20:01.858408+02:00,"[10, 255, 255]"
pony_ce293212f36b4ba28b726721ed0fba36,bike,47.45266,-0.54924,2023-08-15 12:20:01.858408+02:00,"[10, 255, 255]"
pony_69f99706aadb490aa1ca735f6544df72,bike,47.46491,-0.55709,2023-08-15 12:20:01.858408+02:00,"[10, 255, 255]"
pony_860d3e8c8ac9435a9ddfcc0f97452582,bike,47.45493,-0.55688,2023-08-15 12:20:01.858408+02:00,"[10, 255, 255]"
pony_8361bbe499b2424489430ddc79124508,bike,47.4724,-0.56528,2023-08-15 12:20:01.858408+02:00,"[10, 255, 255]"
